user_id,market_position,lifetime_portfolio,prior_bet_count,portfolio_concentration,is_first_x,Is_percent,is_suspicious,market_title
0x4528ae24a05c758c2206ac6a0f99f78ed69c99e2,16092.2996,16092.2996,12,100.0,False,True,True,"US strikes Iran by February 28, 2026?"
0x2e5c25d8dfbc5de5eba626f28ad5ed7088a36e0d,8486.7295,8486.7295,6,100.0,True,True,True,"US strikes Iran by February 28, 2026?"
0xd303c7f51a14920fa19ae04d0e60bd76b5c2a125,11935.2937,34394.692645,62,34.7,False,False,False,"US strikes Iran by February 28, 2026?"
0x92072cd4f7e99c2b57184bd6a413a29cc8a04360,23440.4174,23440.4174,4,100.0,True,True,True,"US strikes Iran by February 28, 2026?"
0xd576b9ee74c58fcb913675fd9c1d14c85312d5e3,57006.3457,1179036.124076002,554,4.83,False,False,False,"US strikes Iran by February 28, 2026?"
0xd7a53594744ebc80eb5a9b4cf2695d3c8d53cdbf,8389.9673,211518.5851330001,508,3.97,False,False,False,"US strikes Iran by February 28, 2026?"
0x3511d64d63252373aa1ec592172724231b60e3bd,11785.2819,230599.1426690002,423,5.11,False,False,False,"US strikes Iran by February 28, 2026?"
0xbfbebe724dcf6acade8696f9a3d41baa2be3c93c,12408.71,106702.11124000042,163,11.63,False,False,False,"US strikes Iran by February 28, 2026?"
0x7ffb788efe9ccb089f8a0f2720cf86090e36892a,23907.4769,23907.4769,1,100.0,True,True,True,"US strikes Iran by February 28, 2026?"
0x5b4612a8410f7d08a7021b1ceebdd242000f1d01,28800.4057,28800.4057,1,100.0,True,True,True,"US strikes Iran by February 28, 2026?"
0x87ea34fbb1ffe10b53fd0c0aa40035fb73c6007a,17900.0,20999.999997,3,85.24,True,True,True,"US strikes Iran by February 28, 2026?"
0x7f9e2d1df78614564a70becc7fa14aa9a6623a0e,60068.5592,60068.5592,54,100.0,False,True,True,"US strikes Iran by February 28, 2026?"
0x20feb9e0eb8e9b7196fa59c90cb6143ba0ebf411,16169.0,16169.0,1,100.0,True,True,True,"US strikes Iran by February 28, 2026?"
0xacbfc174623468d03d8ae7d50da1b71b0a410c9a,95782.0,456268.6460949991,488,20.99,False,False,False,"US strikes Iran by February 28, 2026?"
0xf035714107cdfbd9f465395c5f60433e6d1dd1fd,18154.9006,737330.016277,338,2.46,False,False,False,"US strikes Iran by February 28, 2026?"
0x39a9d43f7a3ca311c570a2b45411444677b3bafa,13857.3559,13857.3559,6,100.0,True,True,True,"US strikes Iran by February 28, 2026?"
0x39a9d43f7a3ca311c570a2b45411444677b3bafa,9613.8427,9613.8427,1,100.0,True,True,True,"US strikes Iran by February 28, 2026?"
0x45f2736ab887ab27f9d33b2855b22eccfe58ac3c,134707.5163,134707.5163,45,100.0,False,True,True,"US strikes Iran by February 28, 2026?"
0xd7a53594744ebc80eb5a9b4cf2695d3c8d53cdbf,7265.1111,214958.064153,542,3.38,False,False,False,"US strikes Iran by February 28, 2026?"
0x4d1de18e209968c2732cd39fcad91548eee75aa0,8092.4689,75051.71003000055,1619,10.78,False,False,False,"US strikes Iran by February 28, 2026?"
0x2b495e9d1c25794d6b38101ba44884e2ab90d0df,16200.0,1052028.9669069992,1064,1.54,False,False,False,"US strikes Iran by February 28, 2026?"
0x2f2fa5e62ffc96e1e370d2436c125b02be5bfa00,20206.2564,23236.263047999983,179,86.96,False,True,True,"US strikes Iran by February 28, 2026?"
0x86cd93526a4e7ad201ed3d1c6f2647b61837504c,21519.376,354789.2476040001,645,6.07,False,False,False,"US strikes Iran by February 28, 2026?"
0xaa2d09c2333e9c3c3a512b051f14837126dbaeb9,7822.0228,23653.758249000006,509,33.07,False,False,False,"US strikes Iran by February 28, 2026?"
0x1bb3321a2c76114bc83b3b2978601ca184c1b7fe,12214.7,40448.16910299996,177,30.2,False,False,False,"US strikes Iran by February 28, 2026?"
0x4528ae24a05c758c2206ac6a0f99f78ed69c99e2,15519.0495,15519.0495,43,100.0,False,True,True,"US strikes Iran by February 28, 2026?"
0xd61c9972c1a9e5c9cd8810363f70da084aac84fb,20960.5081,193242.775085,19,10.85,False,False,False,"US strikes Iran by February 28, 2026?"
0x3511d64d63252373aa1ec592172724231b60e3bd,15397.1369,243593.8068690002,426,6.32,False,False,False,"US strikes Iran by February 28, 2026?"
0x6608452251d7471db5efb0e3072028df365ab9b9,15934.3444,123707.56352999994,166,12.88,False,False,False,"US strikes Iran by February 28, 2026?"
0x4a9d6ac62b91b5161dc43858e77eead56db6d70b,7400.0,7400.0,2,100.0,True,True,True,"US strikes Iran by February 28, 2026?"
0xf26b078d1266591795efb71c31356bc5af347e3e,5345.3372,102110.89398499997,198,5.23,False,False,False,"US strikes Iran by February 28, 2026?"
0xaabb44e7746e36af8c6f1b5e996a06669d00fa95,13443.1339,87174.85455200003,101,15.42,False,False,False,"US strikes Iran by February 28, 2026?"
0x6608452251d7471db5efb0e3072028df365ab9b9,16386.8318,152685.48491199999,193,10.73,False,False,False,"US strikes Iran by February 28, 2026?"
0x8ea7d1b8c091d4b44433e9b47672e3427184a881,11685.62,75186.710613,8,15.54,True,False,True,"US strikes Iran by February 28, 2026?"
0xdbf73adbf83a752de9ef9390e32797df82eafbea,12384.0398,354111.098584,659,3.5,False,False,False,"US strikes Iran by February 28, 2026?"
0xdbf73adbf83a752de9ef9390e32797df82eafbea,12264.5753,347898.03978399996,658,3.53,False,False,False,"US strikes Iran by February 28, 2026?"
0x316a461fc2e0d62580e366cafe5329ea91e3c449,12459.9872,47236.44983100002,449,26.38,False,False,False,"US strikes Iran by February 28, 2026?"
0x0e19858c2a8deaa569205b7a72ebe60365501061,6300.0,105238.146611,25,5.99,False,False,False,"US strikes Iran by February 28, 2026?"
0x2b15eaa0c2eda56c7631f3178e3cd0ac2a779260,14568.5292,100230.52428299996,512,14.54,False,False,False,"US strikes Iran by February 28, 2026?"
0x2b15eaa0c2eda56c7631f3178e3cd0ac2a779260,14027.4477,100462.32108299997,513,13.96,False,False,False,"US strikes Iran by February 28, 2026?"
0x5fbda3012b33020fd58265779b2836575d8cfb37,20200.0,723488.7497069999,557,2.79,False,False,False,"US strikes Iran by February 28, 2026?"
0x6b44cdccdc280e6d0be71782f0772a6bf4b2be1e,5397.316,24216.138337999997,229,22.29,False,False,False,"US strikes Iran by February 28, 2026?"
0x2584d195f40920dceee0236700d90c58a885b0c9,6450.0,14027.747473999994,27,45.98,False,False,False,"US strikes Iran by February 28, 2026?"
0x8fba0bcf608757b4c02165e7bea314816965ab74,7324.17,7324.17,3,100.0,True,True,True,"US strikes Iran by February 28, 2026?"
0xf035714107cdfbd9f465395c5f60433e6d1dd1fd,19038.0654,794188.1215859997,513,2.4,False,False,False,"US strikes Iran by February 28, 2026?"
0x6ff513819e1572ecdc119e0d6b402772adfc3804,13861.95,46793.287196,5,29.62,True,False,True,"US strikes Iran by February 28, 2026?"
0x4a9d6ac62b91b5161dc43858e77eead56db6d70b,7604.9058,15019.905797000001,11,50.63,False,False,False,"US strikes Iran by February 28, 2026?"
0xfc6dfe0ce7f3903dd9d4fa56ca20449052799f36,6000.0,120542.26253600017,102,4.98,False,False,False,"US strikes Iran by February 28, 2026?"
0x183a2a0b034877e761af0778da5134bebc37d514,60577.3993,1877883.4259289994,2400,3.23,False,False,False,"US strikes Iran by February 28, 2026?"
0xbed57208198560188d5199cb3cde969551f9f818,5823.2,5823.2,5,100.0,True,True,True,"US strikes Iran by February 28, 2026?"
0x2d613c30614b68eada0a37d65bddf3778d981fa7,7460.9999,371554.0395189995,1630,2.01,False,False,False,"US strikes Iran by February 28, 2026?"
0x5fbda3012b33020fd58265779b2836575d8cfb37,27499.9541,1278314.8417110015,1171,2.15,False,False,False,"US strikes Iran by February 28, 2026?"
0x9e3f6706dcd4c6915d3589accdb3e67a256f1a6f,18521.6101,48138.51046399995,243,38.48,False,False,False,"US strikes Iran by February 28, 2026?"
0x9e3f6706dcd4c6915d3589accdb3e67a256f1a6f,19320.4453,48088.83046399995,242,40.18,False,False,False,"US strikes Iran by February 28, 2026?"
0x1efcbfd475d696009f339b58f73156001bc04fc9,10001.31,14022.443690999999,11,71.32,False,False,False,"US strikes Iran by February 28, 2026?"
0xfb328b94ed05115259bbc48ba8182df1416edb85,5245.9449,476012.048026997,2507,1.1,False,False,False,"US strikes Iran by February 28, 2026?"
0xacbfc174623468d03d8ae7d50da1b71b0a410c9a,94585.9362,542054.0108649993,550,17.45,False,False,False,"US strikes Iran by February 28, 2026?"
0x02d8495225a297157d25dbcf7ed9dd483bf80c91,36715.3609,136492.63674200012,369,26.9,False,False,False,"US strikes Iran by February 28, 2026?"
0x96f452cb979b24e4ad4af05338b7a34a60d7edc5,10287.3849,19755.351738999998,129,52.07,False,False,False,"US strikes Iran by February 28, 2026?"
0x7a3c613f4db5ec4f6f9cb8583ba45fd2fe41977c,7756.4734,7756.4734,29,100.0,False,True,True,"US strikes Iran by February 28, 2026?"
0xe13dabe73fbda02a0c7199e2f4a096aa8562441b,53187.2491,53187.2491,2,100.0,True,True,True,"US strikes Iran by February 28, 2026?"
0x8064eaec8305a043dfcc37c6bf6adef93ccfe50c,13699.27,13699.27,1,100.0,True,True,True,"US strikes Iran by February 28, 2026?"
0x183a2a0b034877e761af0778da5134bebc37d514,54335.3082,1897294.8962379997,2460,2.86,False,False,False,"US strikes Iran by February 28, 2026?"
0x2f2fa5e62ffc96e1e370d2436c125b02be5bfa00,20945.0086,31615.710606999986,209,66.25,False,False,False,"US strikes Iran by February 28, 2026?"
0xd4ef3278fcd24e72246f129e89435515d28cf35f,14263.2848,40291.858293,37,35.4,False,False,False,"US strikes Iran by February 28, 2026?"
0x2c59f2ac4a4cd7203fb84a27dd4b7b14ed72c5cd,18399.9805,18399.9805,1,100.0,True,True,True,"US strikes Iran by February 28, 2026?"
0xd7ee835cecd49a3f4c0f0c2b2e2382092ecb0e97,8004.8756,301454.2310810001,1157,2.66,False,False,False,"US strikes Iran by February 28, 2026?"
0x641b56cd1de69da37e9bfefeddc7b277341c5433,6825.05,503023.9833560003,1081,1.36,False,False,False,"US strikes Iran by February 28, 2026?"
0x641b56cd1de69da37e9bfefeddc7b277341c5433,6940.2584,503071.71455600025,1082,1.38,False,False,False,"US strikes Iran by February 28, 2026?"
0x7d509015fc744a672bd44a5df2c20758dd2973dd,5950.0,5950.0,1,100.0,True,True,True,"US strikes Iran by February 28, 2026?"
0x30201de2497f7dab080be6394daeaf8b73a458f9,9219.3438,9219.3438,1,100.0,True,True,True,"US strikes Iran by February 28, 2026?"
0x2616d30081a1a1718b4568e92459370637798d3c,45444.8548,1906822.0775840052,2238,2.38,False,False,False,"US strikes Iran by February 28, 2026?"
0x29d337076f24d135b7b2b08796edfff4e32cb2ed,5584.0724,5584.0724,14,100.0,False,True,True,"US strikes Iran by February 28, 2026?"
0x73f7bee28499c10c1a80edd6c326e76be0e5b51d,18358.844,533248.5852699991,372,3.44,False,False,False,"US strikes Iran by February 28, 2026?"
0x2c59f2ac4a4cd7203fb84a27dd4b7b14ed72c5cd,18279.9787,18279.9787,10,100.0,True,True,True,"US strikes Iran by February 28, 2026?"
0x73f7bee28499c10c1a80edd6c326e76be0e5b51d,9429.8514,551939.4266689991,374,1.71,False,False,False,"US strikes Iran by February 28, 2026?"
0x21f446c3c5532f1ebfacbd82a190a75fcffd81a6,8865.0841,75399.94345300001,87,11.76,False,False,False,"US strikes Iran by February 28, 2026?"
0x40f1ca46f0fa82daa50d8a35c9c753c42c2015f9,5991.744,5991.744,2,100.0,True,True,True,"US strikes Iran by February 28, 2026?"
0x9c274a7dfe8829cc8e178b27e3ff5eb7bdb5d050,5369.0,5369.0,5,100.0,True,True,True,"US strikes Iran by February 28, 2026?"
0x27278766fd894e493bd89d65413267d54274eef4,15229.8127,105841.08298200008,302,14.39,False,False,False,"US strikes Iran by February 28, 2026?"
0x27278766fd894e493bd89d65413267d54274eef4,19854.6972,19854.6972,31,100.0,False,True,True,"US strikes Iran by February 28, 2026?"
0xaa2d09c2333e9c3c3a512b051f14837126dbaeb9,8569.5922,112442.86869900025,1273,7.62,False,False,False,"US strikes Iran by February 28, 2026?"
0xd87a4012b40aad76a870fed7d1976e9224dfd3b8,48840.9728,48840.9728,9,100.0,True,True,True,"US strikes Iran by February 28, 2026?"
0x6a13a9864a8e53c815cf1adb6026a0f35e3d4593,6259.4129,35478.42204499996,365,17.64,False,False,False,"US strikes Iran by February 28, 2026?"
0x95b7a5c9a62c9b1a3e1bd7d6826e6aa493ffd633,7122.7878,7122.7878,0,100.0,True,True,True,"US strikes Iran by February 28, 2026?"
0x8b71010f8d18ccce16a37434778117ee2d6b8044,42646.9762,1088521.8261479978,1959,3.92,False,False,False,"US strikes Iran by February 28, 2026?"
0x1bda8057c1a540b408db8896199315304eed921f,5098.9977,50342.067588,31,10.13,False,False,False,"US strikes Iran by February 28, 2026?"
0x1bda8057c1a540b408db8896199315304eed921f,5456.8216,50342.073187999995,32,10.84,False,False,False,"US strikes Iran by February 28, 2026?"
0xf4baccff188321440a1ed01a5d5fd89c3e1f5933,13447.7495,6466067.607600019,2300,0.21,False,False,False,"US strikes Iran by February 28, 2026?"
0xdbedc5ab35d896d3226c6ea5e1708dfc631f10f7,81334.9444,81334.9444,20,100.0,False,True,True,"US strikes Iran by February 28, 2026?"
0x8064eaec8305a043dfcc37c6bf6adef93ccfe50c,16582.1612,16582.1612,4,100.0,True,True,True,"US strikes Iran by February 28, 2026?"
0xdbedc5ab35d896d3226c6ea5e1708dfc631f10f7,41437.8402,41437.8402,21,100.0,False,True,True,"US strikes Iran by February 28, 2026?"
0x76db4edd21f7a8d8ce4e6818240a7cb32f7c37b0,11713.49,114030.3396909999,189,10.27,False,False,False,"US strikes Iran by February 28, 2026?"
0x0eaa43c627cd482acb6866a03fe1138495e0c521,5944.8,5944.8,7,100.0,True,True,True,"US strikes Iran by February 28, 2026?"
0xdcb20a5c24aa616747f19beabff6152c69863e05,24763.7847,1103815.9428060006,1896,2.24,False,False,False,"US strikes Iran by February 28, 2026?"
0xb932b00bcdac62e7855327f4315159aef8c92e15,5919.3666,10916.8566,2,54.22,True,False,True,"US strikes Iran by February 28, 2026?"
0x1fa35bd1435def4701e626b85c54370e8952da4a,57427.0706,66889.51257199998,74,85.85,False,True,True,"US strikes Iran by February 28, 2026?"
0x9f0968feb4ea38e9308a83ce227059458d932848,8246.16,73226.19195100013,228,11.26,False,False,False,"US strikes Iran by February 28, 2026?"
0xd55c1a932c95ab20edfe23d359244dc55e38935d,6000.0,59020.62286799999,21,10.17,False,False,False,"US strikes Iran by February 28, 2026?"
0x95b7a5c9a62c9b1a3e1bd7d6826e6aa493ffd633,9266.2866,10258.153868000001,423,90.33,False,True,True,"US strikes Iran by February 28, 2026?"
0x4ba4466ba485e8c18948a0a80ce4c9db05718a89,5058.4782,375786.4097100017,2701,1.35,False,False,False,"US strikes Iran by February 28, 2026?"
0x410aa391edffa58af64517ec579af5def62b2643,35613.8274,729672.42074,239,4.88,False,False,False,"US strikes Iran by February 28, 2026?"
0x1f08b173cdf56c6652d9dca5dcfcad477681c6f5,6325.4498,183336.90223500007,282,3.45,False,False,False,"US strikes Iran by February 28, 2026?"
0xca886a7ed635c3b770fccfd251c86eec34967caa,6363.6188,6363.6188,1,100.0,True,True,True,"US strikes Iran by February 28, 2026?"
0x68fe494c5ca794f3f247f4ec2a8bf95e3ef28792,17170.3664,995003.6887839984,814,1.73,False,False,False,"US strikes Iran by February 28, 2026?"
0xbac1d6b432ffb28df5a595c2996fcbb79b0ade28,11183.9477,78135.91804199999,25,14.31,False,False,False,"US strikes Iran by February 28, 2026?"
0x0ae1f7cae811ca08edf9283e4222c568d3b352b9,9389.6378,135264.6714160001,211,6.94,False,False,False,"US strikes Iran by February 28, 2026?"
0xacd9d48b7ce46f49d717d4818dfa7fccfba7cb54,7256.9944,18073.43182199999,496,40.15,False,False,False,"US strikes Iran by February 28, 2026?"
0xf0df89d9f60612e56f005a28d47210e1cb2369c5,18282.5005,141871.5721390003,1342,12.89,False,False,False,"US strikes Iran by February 28, 2026?"
0x0484ced2f7764c28c0eef3514b48682ee0cde0ee,5329.8804,65852.87358399994,390,8.09,False,False,False,"US strikes Iran by February 28, 2026?"
0xd9ad841f52d4b277e2ff291067338cd89e606e72,8533.1395,81536.431197,144,10.47,False,False,False,"US strikes Iran by February 28, 2026?"
0x0523ff55bd7525d5fbda5c77f80f61662db4e38b,57179.9014,57179.9014,49,100.0,False,True,True,"US strikes Iran by February 28, 2026?"
0xd2a805f1ff9d1cb1bc89c21c8f9c4aa7254f5c27,21116.45,21116.45,29,100.0,False,True,True,"US strikes Iran by February 28, 2026?"
0xc96932b1eac05f14483425e741b0774d3459a2ad,16479.6402,55107.316168999976,108,29.9,False,False,False,"US strikes Iran by February 28, 2026?"
0x06dcaa14f57d8a0573f5dc5940565e6de667af59,36148.4707,36148.4707,45,100.0,False,True,True,"US strikes Iran by February 28, 2026?"
0x06dcaa14f57d8a0573f5dc5940565e6de667af59,30388.4158,30388.4158,119,100.0,False,True,True,"US strikes Iran by February 28, 2026?"
0xf142015c4f59b68bc78d17ffb4977d670f0957e7,7080.4733,92624.56138800175,1622,7.64,False,False,False,"US strikes Iran by February 28, 2026?"
0xc96932b1eac05f14483425e741b0774d3459a2ad,12131.8881,70734.88469800001,181,17.15,False,False,False,"US strikes Iran by February 28, 2026?"
0xd4ef3278fcd24e72246f129e89435515d28cf35f,5306.626,54686.627714999995,90,9.7,False,False,False,"US strikes Iran by February 28, 2026?"
0x0484ced2f7764c28c0eef3514b48682ee0cde0ee,5895.3926,66257.87358399994,391,8.9,False,False,False,"US strikes Iran by February 28, 2026?"
0xd2a805f1ff9d1cb1bc89c21c8f9c4aa7254f5c27,12127.79,13454.426075,30,90.14,False,True,True,"US strikes Iran by February 28, 2026?"
0x6a8328b1ae11569f7b27600073558879885e4c59,33731.1979,78981.92569300006,765,42.71,False,False,False,"US strikes Iran by February 28, 2026?"
0x6a8328b1ae11569f7b27600073558879885e4c59,51080.7425,81788.66958500005,856,62.45,False,False,False,"US strikes Iran by February 28, 2026?"
0xb7f6b61d32a20b357ea82acb3fd0c337b153ce20,5034.0,5848.285497999999,3,86.08,True,True,True,"US strikes Iran by February 28, 2026?"
0x4bac974e8a83297b924277755ed4467c6f1fba73,6738.0,35408.41186300001,92,19.03,False,False,False,"US strikes Iran by February 28, 2026?"
0x9baebe30d1cefe0ac5be4be85189c9fa33e95d34,15554.0216,313887.036372,2128,4.96,False,False,False,"US strikes Iran by February 28, 2026?"
0x01d17b8f5b8559b7577e3cd6b059c72b4e7d12a4,13341.62,19726.449002999994,53,67.63,False,False,False,"US strikes Iran by February 28, 2026?"
0x37d10ffb61998561c5f9fb941c42c952d8fb4e28,59345.0467,1514760.2189949993,801,3.92,False,False,False,"US strikes Iran by February 28, 2026?"
0x54a598106e0467dacc1a4ced3909582f72aaee3d,8512.0,39710.306431,289,21.44,False,False,False,"US strikes Iran by February 28, 2026?"
0x45f2736ab887ab27f9d33b2855b22eccfe58ac3c,113365.15,190214.6916680001,122,59.6,False,False,False,"US strikes Iran by February 28, 2026?"
0x8f42ae0a01c0383c7ca8bd060b86a645ee74b88f,40562.8586,40562.8586,0,100.0,True,True,True,"US strikes Iran by February 28, 2026?"
0xe9b80c387ba77a585423b13c850c2e126c3befd8,27008.93,27008.93,28,100.0,False,True,True,"US strikes Iran by February 28, 2026?"
0xbb8e6477bcb4d0a79449507c607d36fd228fb243,53976.8078,2170581.1144780023,1282,2.49,False,False,False,"US strikes Iran by February 28, 2026?"
0xbb8e6477bcb4d0a79449507c607d36fd228fb243,49991.0462,2174393.8968780017,1283,2.3,False,False,False,"US strikes Iran by February 28, 2026?"
0x0bb95597b85b89f83f66929be66edcf4ae7f9725,6101.6432,11935.775088,115,51.12,False,False,False,"US strikes Iran by February 28, 2026?"
0xf142015c4f59b68bc78d17ffb4977d670f0957e7,7283.0558,207107.41200799652,2804,3.52,False,False,False,"US strikes Iran by February 28, 2026?"
0x8fba0bcf608757b4c02165e7bea314816965ab74,14448.8689,14448.8689,19,100.0,False,True,True,"US strikes Iran by February 28, 2026?"
0x7f9e2d1df78614564a70becc7fa14aa9a6623a0e,29099.085,185334.81382599988,422,15.7,False,False,False,"US strikes Iran by February 28, 2026?"
0x01d17b8f5b8559b7577e3cd6b059c72b4e7d12a4,10388.9966,23724.948278999993,66,43.79,False,False,False,"US strikes Iran by February 28, 2026?"
0x8aaaac8e8523492db360b722af35177f4d4d51df,5433.6082,5433.6082,1,100.0,True,True,True,"US strikes Iran by February 28, 2026?"
0x0a854897a06d4999e5b2dde5693609f1428ffe9d,68770.0534,904189.6639879998,906,7.61,False,False,False,"US strikes Iran by February 28, 2026?"
0x74471a007ddcc488f6d57b5e86dfb35a8d48a16d,19799.3453,375763.44981600065,2055,5.27,False,False,False,"US strikes Iran by February 28, 2026?"
0x21f701a6d8febfd948f899114f2b9d9a8ef7e19f,6990.7676,7873.873946,21,88.78,False,True,True,"US strikes Iran by February 28, 2026?"
0x1e171e07df9fef2d3f83779616b9e60f26ec7151,6747.83,14581.889980999998,12,46.28,False,False,False,"US strikes Iran by February 28, 2026?"
0x8b71010f8d18ccce16a37434778117ee2d6b8044,37706.9571,1259406.3215989985,2052,2.99,False,False,False,"US strikes Iran by February 28, 2026?"
0x5b4612a8410f7d08a7021b1ceebdd242000f1d01,15772.8786,41096.435679999995,25,38.38,False,False,False,"US strikes Iran by February 28, 2026?"
0x69bdf9c0bcea033296b01797d645f28f03ee2359,12700.0,24780.866617000018,517,51.25,False,False,False,"US strikes Iran by February 28, 2026?"
0x69bdf9c0bcea033296b01797d645f28f03ee2359,10782.5476,35643.41421599996,519,30.25,False,False,False,"US strikes Iran by February 28, 2026?"
0xbcd29dd4976cbc355a119e8a151201b9ead1084d,5523.9318,22015.760580999962,357,25.09,False,False,False,"US strikes Iran by February 28, 2026?"
0xbcd29dd4976cbc355a119e8a151201b9ead1084d,6544.1516,21678.658411999964,354,30.19,False,False,False,"US strikes Iran by February 28, 2026?"
0xf8807428e036193abee347a51048c4e1a758135d,5789.7711,106575.36211100014,404,5.43,False,False,False,"US strikes Iran by February 28, 2026?"
0x0e1d01759cfa75782134472a7af5963da9d50c53,11499.9893,603887.2409430005,1625,1.9,False,False,False,"US strikes Iran by February 28, 2026?"
0xf8807428e036193abee347a51048c4e1a758135d,5789.7706,110299.23192600014,437,5.25,False,False,False,"US strikes Iran by February 28, 2026?"
0xd61c9972c1a9e5c9cd8810363f70da084aac84fb,6367.936,256677.879943,31,2.48,False,False,False,"US strikes Iran by February 28, 2026?"
0x0b219cf3d297991b58361dbebdbaa91e56b8deb6,21023.5636,1323156.8298269995,1957,1.59,False,False,False,"US strikes Iran by February 28, 2026?"
0x6bab41a0dc40d6dd4c1a915b8c01969479fd1292,68447.0015,2110911.796359,1854,3.24,False,False,False,"US strikes Iran by February 28, 2026?"
0xe13dabe73fbda02a0c7199e2f4a096aa8562441b,20865.7027,153913.035317,45,13.56,False,False,False,"US strikes Iran by February 28, 2026?"
0x4022e3cfd16bcb7d74b8addf5c13a9fb1decf352,6733.3066,29308.236779999996,369,22.97,False,False,False,"US strikes Iran by February 28, 2026?"
0x4022e3cfd16bcb7d74b8addf5c13a9fb1decf352,6922.6489,29836.23677999999,373,23.2,False,False,False,"US strikes Iran by February 28, 2026?"
0x33acd201d6b02982b3a95b975b331bc225649334,31999.958,236915.44138300006,67,13.51,False,False,False,"US strikes Iran by February 28, 2026?"
0x71ed0bc95433cdf1be29f43219725fce9addd9eb,36375.1038,1226603.720182001,1702,2.97,False,False,False,"US strikes Iran by February 28, 2026?"
0x1bbb8faba1a3404bd655707a3d36c41de624a68d,21284.7744,409797.3915520007,1335,5.19,False,False,False,"US strikes Iran by February 28, 2026?"
0x02d8495225a297157d25dbcf7ed9dd483bf80c91,10927.7753,192653.19239999948,485,5.67,False,False,False,"US strikes Iran by February 28, 2026?"
0x7ffb788efe9ccb089f8a0f2720cf86090e36892a,6138.6139,31743.992839,13,19.34,False,False,False,"US strikes Iran by February 28, 2026?"
0x92072cd4f7e99c2b57184bd6a413a29cc8a04360,6110.8047,67165.79461799996,50,9.1,False,False,False,"US strikes Iran by February 28, 2026?"
0x0898b0af8c5995a20f40fa5c45d27fc953563c6d,5876.9893,89468.64894900001,628,6.57,False,False,False,"US strikes Iran by February 28, 2026?"
0x0898b0af8c5995a20f40fa5c45d27fc953563c6d,6131.9876,89950.983529,634,6.82,False,False,False,"US strikes Iran by February 28, 2026?"
0x1fa35bd1435def4701e626b85c54370e8952da4a,10555.7868,151615.8171139998,167,6.96,False,False,False,"US strikes Iran by February 28, 2026?"
0xd3872a1f9f6feba61be7e29d8426a887b66ca51a,5717.037,5717.037,3,100.0,True,True,True,"US strikes Iran by February 28, 2026?"
0x0a4964c40cb0e4625f6b9cd1c884f6e7442063fd,5098.0994,8381.627735,19,60.82,False,False,False,"US strikes Iran by February 28, 2026?"
0x498916263b7c546e0c40be481107569d47e648c8,25415.4077,25415.4077,2,100.0,True,True,True,"US strikes Iran by February 28, 2026?"
0x8f634338543ec031b03d3e82e99ee9c38a9d6d60,8836.15,8836.15,3,100.0,True,True,True,"US strikes Iran by February 28, 2026?"
0xeae58328542d53acb3e8f5054b310345b7c10720,5965.7708,125235.67804800016,1358,4.76,False,False,False,"US strikes Iran by February 28, 2026?"
0xeae58328542d53acb3e8f5054b310345b7c10720,5915.7708,125467.40884800015,1359,4.71,False,False,False,"US strikes Iran by February 28, 2026?"
0xc3e45193d37ec34b82129adfc46abff7bb415bf6,16004.9844,399357.34338399995,762,4.01,False,False,False,"US strikes Iran by February 28, 2026?"
0x0700cb9b2504c30c55273c323f67faaa23a3267b,14570.2257,37452.243371,25,38.9,False,False,False,"US strikes Iran by February 28, 2026?"
0xaec63dad7d5f2088d0151913e161fe819706b7e5,5017.48,31723.606692999998,13,15.82,False,False,False,"US strikes Iran by February 28, 2026?"
0x3ce23fa60a8222a56bfde51ecd15e8362bed782f,7567.9163,7567.9163,1,100.0,True,True,True,"US strikes Iran by February 28, 2026?"
0x09d3273fa76282ce09f4f35a87d6f087c05f4e84,56250.1848,56250.1848,44,100.0,False,True,True,"US strikes Iran by February 28, 2026?"
0x2abf92a43a8a3771f541b367256137af8dea545a,20211.5808,155586.93390899993,328,12.99,False,False,False,"US strikes Iran by February 28, 2026?"
0x514550b8f94f24e3bd5fca1c8af19e985fb71f46,56958.951,56958.951,506,100.0,False,True,True,"US strikes Iran by February 28, 2026?"
0x11e50ec01d48adc0be2292cb8e2a5fee0369ee4d,39732.3755,39732.3755,64,100.0,False,True,True,"US strikes Iran by February 28, 2026?"
0x2abf92a43a8a3771f541b367256137af8dea545a,19131.5844,155587.09070899992,329,12.3,False,False,False,"US strikes Iran by February 28, 2026?"
0x607fec58640fcea5cb837adb09d658747720592c,66684.3862,66684.3862,4,100.0,True,True,True,"US strikes Iran by February 28, 2026?"
0x6702ea47742277175210ccbc40418ddaf8392539,10552.0643,374337.2793129997,301,2.82,False,False,False,"US strikes Iran by February 28, 2026?"
0xab05ffa436861ebb59e16f407703e009fe78e30f,9000.28,9000.28,2,100.0,True,True,True,"US strikes Iran by February 28, 2026?"
0xbb91ef48b2189a906ec3b0e84163bd3f7a1eb665,39818.9277,292866.55062500044,1037,13.6,False,False,False,"US strikes Iran by February 28, 2026?"
0xd47f090ed4ff51ef7da1099608ea36e5676fe9da,9005.6946,1586882.7077029948,1665,0.57,False,False,False,"US strikes Iran by February 28, 2026?"
0x15f7ddbc6ffe08722ddeb64d51e58aef7b8ca018,10235.7553,62959.941259999956,738,16.26,False,False,False,"US strikes Iran by February 28, 2026?"
0x0c8bc7db08d5fa2ceedb919c6a2d6ab60b7823de,70440.5805,70440.5805,3,100.0,True,True,True,"US strikes Iran by February 28, 2026?"
0xf70e68500458e2eefab05abf3f5882697fe18759,7559.8975,41735.010137,93,18.11,False,False,False,"US strikes Iran by February 28, 2026?"
0xf70e68500458e2eefab05abf3f5882697fe18759,7115.1968,56045.962756999994,104,12.7,False,False,False,"US strikes Iran by February 28, 2026?"
0x9ec7da81a2da3d47a47dd281b1ecf2cf2b3a35c0,60529.7118,60529.7118,14,100.0,False,True,True,"US strikes Iran by February 28, 2026?"
0x1fa1be3eab546e06e4290839bf4c1d7abfbf1fa9,14662.6457,14662.6457,2,100.0,True,True,True,"US strikes Iran by February 28, 2026?"
0x14f66f7e5ca69e756cac1bfd4c7c8ac3a7fd15c4,7831.288,133520.144514,467,5.87,False,False,False,"US strikes Iran by February 28, 2026?"
0xd576b9ee74c58fcb913675fd9c1d14c85312d5e3,17736.0,1313193.2115960019,605,1.35,False,False,False,"US strikes Iran by February 28, 2026?"
0x1e55408f217f58facdf1d663c74cfa7f55e9e3e2,8024.9267,285462.0948499998,972,2.81,False,False,False,"US strikes Iran by February 28, 2026?"
0xe8cc51f3a10fbb3f88f27863575dc3cf42443e43,11414.6261,11414.6261,1,100.0,True,True,True,"US strikes Iran by February 28, 2026?"
0xa9968bfebe9836a685b9011fb4dc2b5ee7bd8aac,5352.8787,1171655.756344998,3185,0.46,False,False,False,"US strikes Iran by February 28, 2026?"
0x8f634338543ec031b03d3e82e99ee9c38a9d6d60,17483.9496,17483.9496,8,100.0,True,True,True,"US strikes Iran by February 28, 2026?"
0xca4195e88f38da25f69dbdc8d56d25777aaa0616,9897.79,9897.79,3,100.0,True,True,True,"US strikes Iran by February 28, 2026?"
0x5ed3561e39d6c9a9622c6f84a782537df7f9b19e,56127.015,56127.015,4,100.0,True,True,True,"US strikes Iran by February 28, 2026?"
0xbc43a2f0deb85ba4ad316300762972089c911540,16309.3538,31965.324234999993,42,51.02,False,False,False,"US strikes Iran by February 28, 2026?"
0xd624b366431e9f52d0b5dc44d0315c66dc76a0f8,9346.2,9346.2,5,100.0,True,True,True,"US strikes Iran by February 28, 2026?"
0x66e837e44a34efa292c392d88b6fb6bc4c5d0838,6318.41,112114.87949000018,369,5.64,False,False,False,"US strikes Iran by February 28, 2026?"
0x66e837e44a34efa292c392d88b6fb6bc4c5d0838,8035.1319,112935.80391000019,372,7.11,False,False,False,"US strikes Iran by February 28, 2026?"
0xcb59ea1babf3b26ea50088057e427ab0ed8f0a22,16708.1891,431702.9812589996,871,3.87,False,False,False,"US strikes Iran by February 28, 2026?"
0xcdb7f4afc9f5504a37b9fea4196aad379e275e2a,5300.0,38096.013344,106,13.91,False,False,False,"US strikes Iran by February 28, 2026?"
0x76c391395afc9c2f5afe93c5a4ca6a156c565152,5000.0,28595.174395000002,58,17.49,False,False,False,"US strikes Iran by February 28, 2026?"
0x01546013aa1178a59891660dc56cf159e18d9a72,5183.9856,5183.9856,41,100.0,False,True,True,"US strikes Iran by February 28, 2026?"
0x3fb5fed73d3df76ad910f080b8ef0825b76b4f02,6486.0,11549.90996399999,73,56.16,False,False,False,"US strikes Iran by February 28, 2026?"
0xee2808cf0a840af713e146f6910a9c42330e8266,5217.616,37587.20551699998,1063,13.88,False,False,False,"US strikes Iran by February 28, 2026?"
0xe39783f92ee0985f1ab5fe514030f946825abfcb,8498.9941,46348.61025299995,965,18.34,False,False,False,"US strikes Iran by February 28, 2026?"
0x2326812917a7bfecb485bb768007c910ea31ab0e,15882.2672,8370631.787022037,2787,0.19,False,False,False,"US strikes Iran by February 28, 2026?"
0x2326812917a7bfecb485bb768007c910ea31ab0e,17073.4562,8372942.831902038,2811,0.2,False,False,False,"US strikes Iran by February 28, 2026?"
0xaf9e007c74c34d0813e7b49f76cb7d8ff435a250,38904.6315,1114255.542748005,3055,3.49,False,False,False,"US strikes Iran by February 28, 2026?"
0xaf9e007c74c34d0813e7b49f76cb7d8ff435a250,15289.8453,1107035.930086005,2987,1.38,False,False,False,"US strikes Iran by February 28, 2026?"
0x7d509015fc744a672bd44a5df2c20758dd2973dd,6177.4016,13865.920051999992,40,44.55,False,False,False,"US strikes Iran by February 28, 2026?"
0x36d7e00d8ffb57388b56f4f1e850ce67d9989b78,9560.0,101443.35373600044,149,9.42,False,False,False,"US strikes Iran by February 28, 2026?"
0x9cc77c7a37427bc8c5b2e1ed2d24118541d6389d,9814.29,9814.29,1,100.0,True,True,True,"US strikes Iran by February 28, 2026?"
0xa9aca75fb5d8f04c2ec9eeb0eb0c30d2e526c5d1,7367.9965,55751.414419999965,987,13.22,False,False,False,"US strikes Iran by February 28, 2026?"
0x9cc77c7a37427bc8c5b2e1ed2d24118541d6389d,8137.9152,16214.289999,2,50.19,True,False,True,"US strikes Iran by February 28, 2026?"
0xee2808cf0a840af713e146f6910a9c42330e8266,5577.7376,39458.82354599998,1073,14.14,False,False,False,"US strikes Iran by February 28, 2026?"
0xb2d7cebe60e8e667b177993e382ff3b95b81312c,34243.4564,34243.4564,25,100.0,False,True,True,"US strikes Iran by February 28, 2026?"
0x8aaaac8e8523492db360b722af35177f4d4d51df,10742.3661,14167.812367000004,225,75.82,False,False,False,"US strikes Iran by February 28, 2026?"
0x2f6dc3bd78711699eb8cb606566dcff58ea14ad5,10037.273,685320.6349700001,1233,1.46,False,False,False,"US strikes Iran by February 28, 2026?"
0x2f6dc3bd78711699eb8cb606566dcff58ea14ad5,9722.1616,684187.3342700002,1231,1.42,False,False,False,"US strikes Iran by February 28, 2026?"
0x27331041e010982dd8a6d49204979dcec6ecac38,6173.905,201873.35660199946,1330,3.06,False,False,False,"US strikes Iran by February 28, 2026?"
0x27331041e010982dd8a6d49204979dcec6ecac38,6115.708,201875.35540199943,1331,3.03,False,False,False,"US strikes Iran by February 28, 2026?"
0xbf67a49e839659a054faac8a46ee63c0ca34374e,7240.2188,25678.197193999993,72,28.2,False,False,False,"US strikes Iran by February 28, 2026?"
0xd26a404a3c2b17f7d552dab5798815a0a0468f24,6247.0,58056.065707999995,27,10.76,False,False,False,"US strikes Iran by February 28, 2026?"
0xd26a404a3c2b17f7d552dab5798815a0a0468f24,7282.7608,60646.332108,28,12.01,False,False,False,"US strikes Iran by February 28, 2026?"
0x36d7e00d8ffb57388b56f4f1e850ce67d9989b78,6296.7454,107740.09913600046,150,5.84,False,False,False,"US strikes Iran by February 28, 2026?"
0x0700cb9b2504c30c55273c323f67faaa23a3267b,42924.5041,45460.757154,176,94.42,False,True,True,"US strikes Iran by February 28, 2026?"
0xd8e97ade0d42264c4e016b91766a52eaad11ad9e,24908.38,74889.009995,4,33.26,True,False,True,"US strikes Iran by February 28, 2026?"
0x5fac6c2f50862b27afe624997c857ec908648dc2,6200.0,6200.0,2,100.0,True,True,True,"US strikes Iran by February 28, 2026?"
0x3526087ea139532d71198813c2dd55defaefaaba,5610.0,185444.03282900018,481,3.03,False,False,False,"US strikes Iran by February 28, 2026?"
0x643a89932a0138ab4d8dde773a292f20868272cc,5925.1887,55074.247658,78,10.76,False,False,False,"US strikes Iran by February 28, 2026?"
0x0c8bc7db08d5fa2ceedb919c6a2d6ab60b7823de,51086.3182,90137.58130999997,187,56.68,False,False,False,"US strikes Iran by February 28, 2026?"
0xb4923abc91e1b845a5b4943dd4f995fc1be31df3,15074.7476,15850.848463999992,106,95.1,False,True,True,"US strikes Iran by February 28, 2026?"
0xc0fb92d126e4a0a4779c8b5590f2700cac30d4bb,6136.0,18024.79214699998,115,34.04,False,False,False,"US strikes Iran by February 28, 2026?"
0xbd5bdcff887f8a1a6a00a62b1a015b3c376a7ae7,5490.0,5490.0,1,100.0,True,True,True,"US strikes Iran by February 28, 2026?"
0x74a7081c2311db85a1e9b7176d7dd50a727e5980,5590.1,29746.162542999995,144,18.79,False,False,False,"US strikes Iran by February 28, 2026?"
0xa4bc3bbdac29e51c0c4f8485cd15e36d7478026c,7004.4447,368143.21721500007,1226,1.9,False,False,False,"US strikes Iran by February 28, 2026?"
0xe8cc51f3a10fbb3f88f27863575dc3cf42443e43,21311.767,21311.767,8,100.0,True,True,True,"US strikes Iran by February 28, 2026?"
0x48afe8fbde091ff3e616901dc92ef20862c289cc,8101.2228,490959.32019499963,2234,1.65,False,False,False,"US strikes Iran by February 28, 2026?"
0xb7a3b2923eb00ab865531f81da5aeb6c66ac1807,10000.0,10000.0,1,100.0,True,True,True,"US strikes Iran by February 28, 2026?"
0x87d2d8f4f382ce6e3a31017ad7e778a3dc63efb2,7878.05,15044.239998,3,52.37,True,False,True,"US strikes Iran by February 28, 2026?"
0x3ce23fa60a8222a56bfde51ecd15e8362bed782f,15193.3122,15193.3122,92,100.0,False,True,True,"US strikes Iran by February 28, 2026?"
0xa43a6e76945b02f10ebc9cfdd641b6299af494b2,13256.0,13256.0,1,100.0,True,True,True,"US strikes Iran by February 28, 2026?"
0xb8fe807aa951e35af53fd0fee36abc303864ce76,43297.2773,239425.5910530009,2495,18.08,False,False,False,"US strikes Iran by February 28, 2026?"
0xecefc7da07fa0b130b6ebfbbf669861248f0558a,16531.492,493265.70457700046,1484,3.35,False,False,False,"US strikes Iran by February 28, 2026?"
0x549ec043f99805ccd46c4859fa167c24782490a7,5595.0,5595.0,1,100.0,True,True,True,"US strikes Iran by February 28, 2026?"
0xb0cf67e3b628d5bf3cf1bab4eae52002e4cccf8e,21115.9445,21115.9445,11,100.0,False,True,True,"US strikes Iran by February 28, 2026?"
0x9273d264bac84df53af2fbdb65aaca70fd8dee15,5556.51,5556.51,1,100.0,True,True,True,"US strikes Iran by February 28, 2026?"
0xbc43a2f0deb85ba4ad316300762972089c911540,31187.994,62333.74289,62,50.03,False,False,False,"US strikes Iran by February 28, 2026?"
0x09d3273fa76282ce09f4f35a87d6f087c05f4e84,20751.0048,40129.95382599999,233,51.71,False,False,False,"US strikes Iran by February 28, 2026?"
0xcdb7f4afc9f5504a37b9fea4196aad379e275e2a,5849.998,43844.398322999994,154,13.34,False,False,False,"US strikes Iran by February 28, 2026?"
0x607fec58640fcea5cb837adb09d658747720592c,57149.1629,131664.30026300007,786,43.41,False,False,False,"US strikes Iran by February 28, 2026?"
0x94885a3566cd74f28e0346f22a4bf002046ad531,9449.9944,25341.14802299999,519,37.29,False,False,False,"US strikes Iran by February 28, 2026?"
0xad142563a8d80e3f6a18ca5fa5936027942bbf69,10000.0,10000.0,3,100.0,True,True,True,"US strikes Iran by February 28, 2026?"
0x9ec7da81a2da3d47a47dd281b1ecf2cf2b3a35c0,24327.9986,97037.24790199997,131,25.07,False,False,False,"US strikes Iran by February 28, 2026?"
0xdcb786cef6852dfeacc8687f3d7fa65515e47a69,8603.5456,8603.5456,1,100.0,True,True,True,"US strikes Iran by February 28, 2026?"
0xdcb786cef6852dfeacc8687f3d7fa65515e47a69,8649.5624,8649.5624,2,100.0,True,True,True,"US strikes Iran by February 28, 2026?"
0x75bd2868e94abb7482e05ccb2cb65cd7d1a91fea,7520.77,11351.689995999997,5,66.25,True,False,True,"US strikes Iran by February 28, 2026?"
0xb7a3b2923eb00ab865531f81da5aeb6c66ac1807,10351.2155,20351.2155,2,50.86,True,False,True,"US strikes Iran by February 28, 2026?"
0x956ff609c54a105c99ddf53353e2eb507a9293f3,36954.9254,36954.9254,40,100.0,False,True,True,"US strikes Iran by February 28, 2026?"
0xa06aa60f30abfbee09c8b5b32d4da64e1f5ee5a9,38389.9671,38389.9671,2,100.0,True,True,True,"US strikes Iran by February 28, 2026?"
0x9121ebee665ca0f3794a7d28b382d1eba57fd73f,5495.13,5895.129996999999,5,93.21,True,True,True,"US strikes Iran by February 28, 2026?"
0x114651b7ad222c5aba729fc81d847eea984352db,16149.0,16149.0,1,100.0,True,True,True,"US strikes Iran by February 28, 2026?"
0x026053d68afa438330ff597ca7807f6268bbb0a4,5000.0,60778.653743999996,31,8.23,False,False,False,"US strikes Iran by February 28, 2026?"
0x8ad71d502126d9531bf0a8ba4c7ae24281e0c55b,65260.0749,370356.08152299933,642,17.62,False,False,False,"US strikes Iran by February 28, 2026?"
0x8ad71d502126d9531bf0a8ba4c7ae24281e0c55b,66036.9473,375556.0815229993,643,17.58,False,False,False,"US strikes Iran by February 28, 2026?"
0x1e0a4f0786c802489d354df0de309d2d3eeaadc5,5200.0,21452.777352999998,93,24.24,False,False,False,"US strikes Iran by February 28, 2026?"
0x94316f968e96c23acb45bfd1796a382adba6015f,16990.025,16990.025,13,100.0,False,True,True,"US strikes Iran by February 28, 2026?"
0x94fad954114c62418ee7fd43970d9f363096f700,18000.0,52736.42227199999,65,34.13,False,False,False,"US strikes Iran by February 28, 2026?"
0x82baf8d87879b4604ef83f3872ba8cc0169a0a52,11362.0134,119683.25734399995,738,9.49,False,False,False,"US strikes Iran by February 28, 2026?"
0x3b5d93e768e79c0974ac0f7d210237988120cc80,40534.2762,3523568.9308589953,2340,1.15,False,False,False,"US strikes Iran by February 28, 2026?"
0x94885a3566cd74f28e0346f22a4bf002046ad531,7777.9574,30392.867953999987,532,25.59,False,False,False,"US strikes Iran by February 28, 2026?"
0x3a087a21afb3c17bbe4b260e1d45dd47829d64a7,5160.0,234363.018008,649,2.2,False,False,False,"US strikes Iran by February 28, 2026?"
0xc2db1bdac4f0b65ffd31fa5499700c604b300cf3,77988.3207,178409.9400480003,468,43.71,False,False,False,"US strikes Iran by February 28, 2026?"
0x94fad954114c62418ee7fd43970d9f363096f700,15812.1779,52737.57227199999,66,29.98,False,False,False,"US strikes Iran by February 28, 2026?"
0xaec63dad7d5f2088d0151913e161fe819706b7e5,6598.5534,38322.160093,14,17.22,False,False,False,"US strikes Iran by February 28, 2026?"
0x5fac6c2f50862b27afe624997c857ec908648dc2,8693.404,8693.404,8,100.0,True,True,True,"US strikes Iran by February 28, 2026?"
0xc2db1bdac4f0b65ffd31fa5499700c604b300cf3,78576.5453,178588.5024480003,469,44.0,False,False,False,"US strikes Iran by February 28, 2026?"
0x82baf8d87879b4604ef83f3872ba8cc0169a0a52,8535.1147,124866.28527599994,747,6.84,False,False,False,"US strikes Iran by February 28, 2026?"
0x82d4d5dd4345163ac8070ef28c5f730d1ba66d99,12090.0846,14310.027165999996,25,84.49,False,True,True,"US strikes Iran by February 28, 2026?"
0xfa21179f2cef2f61cb78e8340ae62b17f9271438,20000.0,2271162.0265439996,1366,0.88,False,False,False,"US strikes Iran by February 28, 2026?"
0x776f7fb93be970d678068e00674b54af0ff10478,16065.6495,40971.104904,36,39.21,False,False,False,"US strikes Iran by February 28, 2026?"
0xb8fe807aa951e35af53fd0fee36abc303864ce76,39892.6312,248272.76902800088,2554,16.07,False,False,False,"US strikes Iran by February 28, 2026?"
0xcb54f63ce9692b85670a635a80464082a7165202,8459.65,17350.739995,8,48.76,True,False,True,"US strikes Iran by February 28, 2026?"
0x1abe1368601330a310162064e04d3c2628cb6497,34000.0,109020.29233500014,467,31.19,False,False,False,"US strikes Iran by February 28, 2026?"
0xd3872a1f9f6feba61be7e29d8426a887b66ca51a,7999.952,16343.499421000002,94,48.95,False,False,False,"US strikes Iran by February 28, 2026?"
0x8c80d213c0cbad777d06ee3f58f6ca4bc03102c3,56088.7927,1202620.0932480008,2150,4.66,False,False,False,"US strikes Iran by February 28, 2026?"
0xeff07c97c491e11e6ab7a6f4520e61f8fa5c1210,41374.38,42414.37558699999,68,97.55,False,True,True,"US strikes Iran by February 28, 2026?"
0xc9a5dfc3cf5b0c190c21e7cde2d90924a0dcea32,5100.0,139004.5263119999,265,3.67,False,False,False,"US strikes Iran by February 28, 2026?"
0xea7957606f259bcba522a4681494555547a7a9cc,5412.5,137298.11606099978,1464,3.94,False,False,False,"US strikes Iran by February 28, 2026?"
0xd624b366431e9f52d0b5dc44d0315c66dc76a0f8,9694.8604,38873.493314,38,24.94,False,False,False,"US strikes Iran by February 28, 2026?"
0xca4195e88f38da25f69dbdc8d56d25777aaa0616,15706.2662,15706.2662,10,100.0,True,True,True,"US strikes Iran by February 28, 2026?"
0x92a6294cd55b9c6ccd57efaffc365ad943118b84,15319.6956,1337379.689195001,1087,1.15,False,False,False,"US strikes Iran by February 28, 2026?"
0x5f8ec8b9c07547d93ac7206ef75c1b625e6021b7,9294.8214,9294.8214,202,100.0,False,True,True,"US strikes Iran by February 28, 2026?"
0x29d337076f24d135b7b2b08796edfff4e32cb2ed,10443.4586,87039.82765599998,90,12.0,False,False,False,"US strikes Iran by February 28, 2026?"
0xcccc224eb972f3f245245bd3ad8468d48413dbdd,20790.6966,244511.54130299992,1568,8.5,False,False,False,"US strikes Iran by February 28, 2026?"
0xfa21179f2cef2f61cb78e8340ae62b17f9271438,7631.9578,2390851.435572002,1477,0.32,False,False,False,"US strikes Iran by February 28, 2026?"
0xa2a2bcab4f26e6667b82a3b7595ced64d626b04d,12597.0961,79740.16432699987,1788,15.8,False,False,False,"US strikes Iran by February 28, 2026?"
0x52b74441def3510e1839eadac7875423c0b54597,104498.3885,409777.1503829999,1199,25.5,False,False,False,"US strikes Iran by February 28, 2026?"
0xad142563a8d80e3f6a18ca5fa5936027942bbf69,7666.5473,27657.547295999997,8,27.72,True,False,True,"US strikes Iran by February 28, 2026?"
0x45fb8b9fcbdb768d33e9e7301dc626e38625aad0,10811.2436,10811.2436,8,100.0,True,True,True,"US strikes Iran by February 28, 2026?"
0x52b74441def3510e1839eadac7875423c0b54597,104635.0444,456935.54917799984,1226,22.9,False,False,False,"US strikes Iran by February 28, 2026?"
0xc6dd722558dbfbd8fa780efcbe819ed8c6604b9f,71346.5476,755287.6517049989,888,9.45,False,False,False,"US strikes Iran by February 28, 2026?"
0x161adba7ce6a3d202ced6b2abc66b9451a386f22,27644.4601,155941.73898099994,1035,17.73,False,False,False,"US strikes Iran by February 28, 2026?"
0xdbf16bcffa41bd95faec2640daa2c95ab2bd86b5,157816.7024,157816.7024,253,100.0,False,True,True,"US strikes Iran by February 28, 2026?"
0x9fa823f5eb787a2a9bdf6b79fcc63ed25c3d9b4b,13606.8047,56130.585128000006,18,24.24,False,False,False,"US strikes Iran by February 28, 2026?"
0x114651b7ad222c5aba729fc81d847eea984352db,9245.4144,25394.414399,2,36.41,True,False,True,"US strikes Iran by February 28, 2026?"
0xdbf16bcffa41bd95faec2640daa2c95ab2bd86b5,493615.1225,493615.1225,584,100.0,False,True,True,"US strikes Iran by February 28, 2026?"
0x28b7c2fab23c263ed512fe7e3316e54a0c418b2a,16128.1111,16128.1111,9,100.0,True,True,True,"US strikes Iran by February 28, 2026?"
0x34026514e0bda25f0f9fbb053fe3070cdc8c9446,5398.8,23414278.344963055,1533,0.02,False,False,False,"US strikes Iran by February 28, 2026?"
0x45d033d4daddeb84fad42e2259cba4c43fc3ed13,14201.2683,14241.427287000002,44,99.72,False,True,True,"US strikes Iran by February 28, 2026?"
0xe855c5d3d2f362b460d1c31a1546d009f7bd1273,13300.9551,999204.8238089993,290,1.33,False,False,False,"US strikes Iran by February 28, 2026?"
0xe855c5d3d2f362b460d1c31a1546d009f7bd1273,13300.9683,999180.1976089992,289,1.33,False,False,False,"US strikes Iran by February 28, 2026?"
0xa06aa60f30abfbee09c8b5b32d4da64e1f5ee5a9,124499.98,124499.98,167,100.0,False,True,True,"US strikes Iran by February 28, 2026?"
0x211d7de4df68abc2ee4367749fb2b7b557ba64fe,8345.9801,8345.9801,25,100.0,False,True,True,"US strikes Iran by February 28, 2026?"
0x1caa6a7ad0c6916aef7b67946de2e57ad24846a0,60827.6717,60827.6717,1,100.0,True,True,True,"US strikes Iran by February 28, 2026?"
0x3fb5fed73d3df76ad910f080b8ef0825b76b4f02,7270.2252,25462.081870999984,107,28.55,False,False,False,"US strikes Iran by February 28, 2026?"
0x68fe494c5ca794f3f247f4ec2a8bf95e3ef28792,5624.9633,1412771.5444319951,1068,0.4,False,False,False,"US strikes Iran by February 28, 2026?"
0xd0394bd0de8d901c3fde039a86bf08e6aa4a2532,8710.5411,633494.6022090004,2396,1.37,False,False,False,"US strikes Iran by February 28, 2026?"
0xa8f878d5027bbf73bb5d34e6db546abc04fe0e46,5846.25,18731.85900799999,204,31.21,False,False,False,"US strikes Iran by February 28, 2026?"
0x30201de2497f7dab080be6394daeaf8b73a458f9,7500.511,21024.974791999994,76,35.67,False,False,False,"US strikes Iran by February 28, 2026?"
0x54a598106e0467dacc1a4ced3909582f72aaee3d,5450.6662,53160.97262800001,293,10.25,False,False,False,"US strikes Iran by February 28, 2026?"
0x956ff609c54a105c99ddf53353e2eb507a9293f3,12687.843,50198.07587000001,44,25.28,False,False,False,"US strikes Iran by February 28, 2026?"
0x57cc544a71aefae2614746c7f60380289c07882c,6254.916,6254.916,2,100.0,True,True,True,"US strikes Iran by February 28, 2026?"
0x57f450d27c70d5026e211623e77408e395426347,5609.296,5609.296,85,100.0,False,True,True,"US strikes Iran by February 28, 2026?"
0x38745db27f7360a287f6ca3c9b6a6a9c76149801,26513.89,26513.89,14,100.0,False,True,True,"US strikes Iran by February 28, 2026?"
0x4aa2661df2285ad3e17f4267c3469785d7ef3170,10973.2034,224886.26944199993,304,4.88,False,False,False,"US strikes Iran by February 28, 2026?"
0x4aa2661df2285ad3e17f4267c3469785d7ef3170,11166.1256,211247.58456299987,271,5.29,False,False,False,"US strikes Iran by February 28, 2026?"
0x75253f58071564ba95f36258fcfb1e918552cde1,15654.2015,34304.35315799998,60,45.63,False,False,False,"US strikes Iran by February 28, 2026?"
0xf29ff5f7b92d821e631ab37ad240a2dabf945cca,21539.9842,2985052.287565004,2718,0.72,False,False,False,"US strikes Iran by February 28, 2026?"
0x56efadc9defe5b7a21af751e0d026f2cf54136db,9883.75,9883.75,1,100.0,True,True,True,"US strikes Iran by February 28, 2026?"
0xfd2b117412a698f322b0cd18d6827dad262b8e50,28316.4776,2227399.8463880015,2700,1.27,False,False,False,"US strikes Iran by February 28, 2026?"
0x95bd107886bd48d6737029603e3db242fb781652,7827.4517,35551.490267,46,22.02,False,False,False,"US strikes Iran by February 28, 2026?"
0xc0292a841a0c9a7320aa39075cffcf1b8f64f705,7391.5687,47561.231543,72,15.54,False,False,False,"US strikes Iran by February 28, 2026?"
0x5e0b017aef88af84fb3897fecce7413c6754981a,10737.5429,50701.22000499999,66,21.18,False,False,False,"US strikes Iran by February 28, 2026?"
0xb390ae2cc3fd8cb2670a62129faeb775faee106c,10739.2256,46999.715108000004,77,22.85,False,False,False,"US strikes Iran by February 28, 2026?"
0x6f53691020762651d14e5a543519e14d5c8654fd,13703.6436,50964.15532899998,96,26.89,False,False,False,"US strikes Iran by February 28, 2026?"
0xf37af11e538c6eba3ddcea540ee54ca35c6354f8,6956.67,26624.232053999996,39,26.13,False,False,False,"US strikes Iran by February 28, 2026?"
0x4ec2f11d2893eb1bc3bab7449910540c93adf7ec,11845.879,50993.28127300001,76,23.23,False,False,False,"US strikes Iran by February 28, 2026?"
0x344c5073e9b152a95d9f42767ac084a87fad68ab,8654.2773,36881.097622999994,43,23.47,False,False,False,"US strikes Iran by February 28, 2026?"
0x943117ea8e3f5b160e158c1c4b1786fee5d3e5a0,9466.4859,51480.463793,51,18.39,False,False,False,"US strikes Iran by February 28, 2026?"
0xeee545e9706a03e73c5d17632e2bbb6f1096cce1,9901.9704,31310.921611000005,42,31.62,False,False,False,"US strikes Iran by February 28, 2026?"
0xdad42409cf398c9149c50217e4dc4a039d9dec0b,10002.9711,27851.410375000003,39,35.92,False,False,False,"US strikes Iran by February 28, 2026?"
0xf1a1bcf248a0dc05bec474c229f490db00106f24,5393.4827,17917.639433,21,30.1,False,False,False,"US strikes Iran by February 28, 2026?"
0x45f402894f550357ff1d5db385c93bb9e480dd79,12547.6551,46544.252137,55,26.96,False,False,False,"US strikes Iran by February 28, 2026?"
0xa34d11f372e8a87acc87e3beabb32e2fe7f9ee4d,7880.2791,37529.21018,28,21.0,False,False,False,"US strikes Iran by February 28, 2026?"
0x65387d3235b2fd6ac3587df1fff2c2de2f98e523,9298.6521,24155.411379000005,28,38.5,False,False,False,"US strikes Iran by February 28, 2026?"
0x79963fd69baccad9bb8ab51ddfbf1f13e0630e13,8581.3577,20180.461130999996,31,42.52,False,False,False,"US strikes Iran by February 28, 2026?"
0x22d0803925702b81d038c9b3f3aa77a3727f218f,12271.5554,30676.743449999998,51,40.0,False,False,False,"US strikes Iran by February 28, 2026?"
0x3e545810f8b95dd0fcf4114b0246a0dbb40ad1c5,9180.277,39087.609338,51,23.49,False,False,False,"US strikes Iran by February 28, 2026?"
0xb7200eb4ffc3ea4bde0ef28110238bd9f539c414,8135.6824,16617.317027,24,48.96,False,False,False,"US strikes Iran by February 28, 2026?"
0xe1bdfa52bc9342115bbf1d41d04b8cf0bcd8f5a7,7282.8672,16924.186532,20,43.03,False,False,False,"US strikes Iran by February 28, 2026?"
0x7d279aecbdacfa4dc0f45a9a385cc80287820339,8782.7724,22821.706000000006,17,38.48,False,False,False,"US strikes Iran by February 28, 2026?"
0x8e588259e06da665020dac0e4958301a2089579e,12113.0094,27306.125149,24,44.36,False,False,False,"US strikes Iran by February 28, 2026?"
0x1270fccb862f069b80181dcedf7be31ec6cfc2c8,10441.6628,25961.74623899999,44,40.22,False,False,False,"US strikes Iran by February 28, 2026?"
0x6130238e132bd12ba92244568815c2f7fe4fc5c1,13816.2028,31765.086236,35,43.49,False,False,False,"US strikes Iran by February 28, 2026?"
0xcb8ed92b702a0f2397f8cda9e4925867b7b9135e,10091.4943,23728.974145999993,29,42.53,False,False,False,"US strikes Iran by February 28, 2026?"
0xeb1cdc2f267723b577cd0d1441fe5db05d440f79,11264.9252,28914.251440999997,31,38.96,False,False,False,"US strikes Iran by February 28, 2026?"
0xfffee3116390fc9415956617ed048d26c7c1b424,14447.4862,32909.492079999996,26,43.9,False,False,False,"US strikes Iran by February 28, 2026?"
0x82ed2416f0a49cc02fb529b00c03582598d17cc3,11371.7735,24494.129293,25,46.43,False,False,False,"US strikes Iran by February 28, 2026?"
0xe85f1414171cd41707dc7b256bd3db269f94a28c,7968.6143,18784.664324999998,25,42.42,False,False,False,"US strikes Iran by February 28, 2026?"
0x421b26a47bb5136d045190d7870095eb29498469,12835.8099,26478.524185,18,48.48,False,False,False,"US strikes Iran by February 28, 2026?"
0xf1d54d55b7568e6e4c20867ccf377555cd947ffc,9267.2785,22449.738725000003,18,41.28,False,False,False,"US strikes Iran by February 28, 2026?"
0x26ecf4f4a01bf39ce98144ef9aeddf28e9548f54,12947.3949,20766.941271000003,15,62.35,False,False,False,"US strikes Iran by February 28, 2026?"
0x69aa9fa621403e3a121b29ad77d32ba9eb5e8847,60449.5663,8440334.897928013,2421,0.72,False,False,False,"US strikes Iran by February 28, 2026?"
0xab54f4b400bd8015e206a74f8d89362cf8eee856,12402.1849,26990.683654,25,45.95,False,False,False,"US strikes Iran by February 28, 2026?"
0x2b6072aa2255e3a95154180076771417e3dc0b9e,8026.6197,15031.712620000002,14,53.4,False,False,False,"US strikes Iran by February 28, 2026?"
0xdcce3bfa065cf5ca9a0acfe83d6ecd8279d10a15,10527.8582,17281.586951,25,60.92,False,False,False,"US strikes Iran by February 28, 2026?"
0x62730fede68ebedfb510e6f38da2aa2eca081741,7294.9096,19556.063969,24,37.3,False,False,False,"US strikes Iran by February 28, 2026?"
0x8517b980e32611ed689e64c131e841a094002ce5,9520.7089,9520.7089,203,100.0,False,True,True,"US strikes Iran by February 28, 2026?"
0x8517b980e32611ed689e64c131e841a094002ce5,11028.9774,11028.9774,250,100.0,False,True,True,"US strikes Iran by February 28, 2026?"
0x45647817f1e2f706748da27ed717ecae9b674a11,18740.72,46780.190651,19,40.06,False,False,False,"US strikes Iran by February 28, 2026?"
0xa8f878d5027bbf73bb5d34e6db546abc04fe0e46,7296.9136,18744.91400799999,206,38.93,False,False,False,"US strikes Iran by February 28, 2026?"
0x20fa9bae7eb170bb0fa2fcf37223a18bf69119f7,7919.791,39308.97009299997,168,20.15,False,False,False,"US strikes Iran by February 28, 2026?"
0x14533c41c734bb4569af6fc78f34f1913d5aa680,12152.8236,58979.36943600002,214,20.61,False,False,False,"US strikes Iran by February 28, 2026?"
0x0b330eabba786bb467644675262bf40510bc9a34,7538.3693,7538.3693,17,100.0,False,True,True,"US strikes Iran by February 28, 2026?"
0x4704aeac91b4fd73c1629901a54e364e4dcd8d5c,86501.8821,86501.8821,7,100.0,True,True,True,"US strikes Iran by February 28, 2026?"
0x214794a6351c65ba074ac980bdf1eaabfd4c4699,6454.9549,6454.9549,7,100.0,True,True,True,"US strikes Iran by February 28, 2026?"
0x214794a6351c65ba074ac980bdf1eaabfd4c4699,6377.9459,6377.9459,9,100.0,True,True,True,"US strikes Iran by February 28, 2026?"
0xd263853ed562fd7ff9fccd5ca4b8a354961027d8,16688.5,16688.5,26,100.0,False,True,True,"US strikes Iran by February 28, 2026?"
0x13ff290849c6fef06efde63dfe643e62767716a3,13069.6537,236002.80156099962,866,5.54,False,False,False,"US strikes Iran by February 28, 2026?"
0xd043d8bdca05c5f9ecdf75df3c6681ac74ca7e85,5999.9689,304882.17817000125,1387,1.97,False,False,False,"US strikes Iran by February 28, 2026?"
0xcaf07ca04b0919a43141ebdf63f6aa77da1e08a1,5084.96,138669.27406800017,863,3.67,False,False,False,"US strikes Iran by February 28, 2026?"
0x744a283ddda3533d6abf89240bfe2f43201a923b,6286.0012,16519.88394599999,97,38.05,False,False,False,"US strikes Iran by February 28, 2026?"
0x5b19165f3ac3993fb1a9ed3e5b74cd3375989197,6649.9979,6649.9979,3,100.0,True,True,True,"US strikes Iran by February 28, 2026?"
0xb5bdb5b1c9a3c5179273f5a7e4582c1d7f747e75,5220.0827,66304.74512800002,420,7.87,False,False,False,"US strikes Iran by February 28, 2026?"
0x35b10c410de4f9306a3a91354abe27d4458a8962,5120.752,16527.179585,25,30.98,False,False,False,"US strikes Iran by February 28, 2026?"
0x4704aeac91b4fd73c1629901a54e364e4dcd8d5c,28216.4726,28216.4726,10,100.0,True,True,True,"US strikes Iran by February 28, 2026?"
0xa010e49a3cb443ed7c7272af6d78088e7ca5a439,8331.5047,8331.5047,2,100.0,True,True,True,"US strikes Iran by February 28, 2026?"
0x0bb95597b85b89f83f66929be66edcf4ae7f9725,13319.7701,20626.22787299999,233,64.58,False,False,False,"US strikes Iran by February 28, 2026?"
0xe6000ecadd441ce73205394b91b546470ecedb98,6167.5215,6167.5215,2,100.0,True,True,True,"US strikes Iran by February 28, 2026?"
0x962284d3ae323d0313895d97f22755b3b1ff538e,5000.0,5000.0,1,100.0,True,True,True,"US strikes Iran by February 28, 2026?"
0x5da48936d61eb18d66ca5fdd32ba2d2ba19be203,37910.6134,520040.34228200006,909,7.29,False,False,False,"US strikes Iran by February 28, 2026?"
0xf85fa31a58fcce6c00b5af806a598b1600329800,6000.0,1006956.1785020003,2266,0.6,False,False,False,"US strikes Iran by February 28, 2026?"
0x4db90f4a18b76724e9940c4fb3be8bdde3128339,5200.0,8154.9949240000005,24,63.76,False,False,False,"US strikes Iran by February 28, 2026?"
0x18bbf3c90b986ed25739d1e28a98bb03fc88d280,7500.0,10114.682518,3,74.15,True,False,True,"US strikes Iran by February 28, 2026?"
0xa8af4c7923857533b687df9bf02115156e3a325e,8785.2759,8785.2759,30,100.0,False,True,True,"US strikes Iran by February 28, 2026?"
0xba345e93280527f2d2ad52b9ccc06d53a2b989b5,8303.94,8303.94,1,100.0,True,True,True,"US strikes Iran by February 28, 2026?"
0x3b334a471b7e25c28f3c1e75db5b435773d3e220,5535.6,5535.6,1,100.0,True,True,True,"US strikes Iran by February 28, 2026?"
0x00eca75f93d2dba8cd7c7e58cc1f0c26f1b78240,5324.9317,1089098.565603,189,0.49,False,False,False,"US strikes Iran by February 28, 2026?"
0x0ad7f1a66e6b6df6f5ea21852e0ff5d3ad878ad2,6914.8722,10717.048198999999,4,64.52,True,False,True,"US strikes Iran by February 28, 2026?"
0xfe6eee00d36717359578ddb4d6e091d56bc9074e,416.55,42244.924691,62,0.99,False,False,False,"US strikes Iran by February 28, 2026?"
0x075220a3c7ef18d4c2efd466fa5627c79adbf5e8,7340.6274,7340.6274,39,100.0,False,True,True,"US strikes Iran by February 28, 2026?"
0xe48b94f6e8a3445a1f20a70a7ce88df171278260,6304.7231,8357.876254999981,162,75.43,False,False,False,"US strikes Iran by February 28, 2026?"
0x3811e09bb2fa30aff16d9be28c09ee9bba478f61,10000.0,10000.0,1,100.0,True,True,True,"US strikes Iran by February 28, 2026?"
0x128744a38772e44b8c08bea93e188182f65fe491,13973.32,86780.33392900012,706,16.1,False,False,False,"US strikes Iran by February 28, 2026?"
0x274c45994bfa0912cf8bee503190952e6af7da86,15000.0,22999.999997,5,65.22,True,False,True,"US strikes Iran by February 28, 2026?"
0xad2e15fe68e7de020f4416d7a8b20d388539d9bd,13956.0942,110158.49649100011,435,12.67,False,False,False,"US strikes Iran by February 28, 2026?"
0xa2a2bcab4f26e6667b82a3b7595ced64d626b04d,68981.6767,103578.68488200016,2524,66.6,False,False,False,"US strikes Iran by February 28, 2026?"
0xa3a39a3746dbd55f3a33ae38bd27ae2804c2c2f9,6400.0,1220204.5631569992,1686,0.52,False,False,False,"US strikes Iran by February 28, 2026?"
0x244cde3e010a8eb27f0ff588476091bd3d73f1dc,7467.9825,15442.536661999999,33,48.36,False,False,False,"US strikes Iran by February 28, 2026?"
0xdde15ebd95330ce69136dc0ccd810d22382e02c5,29990.954,29990.954,1,100.0,True,True,True,"US strikes Iran by February 28, 2026?"
0x2e4ead1dd053538976d1b9f61d5abad4793be29d,6000.0,43075.094479,83,13.93,False,False,False,"US strikes Iran by February 28, 2026?"
0xa4eb52229991c074bc560f825bf2776d77acd010,7599.9983,7599.9983,1,100.0,True,True,True,"US strikes Iran by February 28, 2026?"
0x96f452cb979b24e4ad4af05338b7a34a60d7edc5,10574.836,49791.47786799998,388,21.24,False,False,False,"US strikes Iran by February 28, 2026?"
0x5ff872bf119684f4f5fb1ad46d55d8f4c62d54ad,9300.0,12649.999998,4,73.52,True,False,True,"US strikes Iran by February 28, 2026?"
0x14533c41c734bb4569af6fc78f34f1913d5aa680,12879.7659,66081.771702,247,19.49,False,False,False,"US strikes Iran by February 28, 2026?"
0x55dbfaefb030207f98ee6cccf1663986a8fc2031,7500.0,12061.999995999999,12,62.18,False,False,False,"US strikes Iran by February 28, 2026?"
0xc8a6d6b4f5d66a1211ed678edb828acca25c5d97,7161.4097,143781.88367900014,122,4.98,False,False,False,"US strikes Iran by February 28, 2026?"
0x0a142164f48dab6448872f0abac310d03e305316,5995.2395,5995.2395,1,100.0,True,True,True,"US strikes Iran by February 28, 2026?"
0xd36fa21eb3fa7b1aaf97c8499253f76f82a16d48,7623.7425,7623.7425,1,100.0,True,True,True,"US strikes Iran by February 28, 2026?"
0x9c6bd2c9c97679852baa0747953275e3be8df35e,8500.0,8500.0,1,100.0,True,True,True,"US strikes Iran by February 28, 2026?"
0xe756468f0869e27d6c1c51a10993fd7ce4627866,9995.992,9995.992,1,100.0,True,True,True,"US strikes Iran by February 28, 2026?"
0x72630d496a5c3c86665d029a4e05875c0ea9a031,7219.3163,7219.3163,1,100.0,True,True,True,"US strikes Iran by February 28, 2026?"
0x9e7d792c5d9f698fd9d0dbd1ae337dbe96543ce8,5707.65,5707.65,1,100.0,True,True,True,"US strikes Iran by February 28, 2026?"
0x629bc4a1e53e1d475beb7ea3d388791e96dd995a,5045.3984,87168.69823599994,727,5.79,False,False,False,"US strikes Iran by February 28, 2026?"
0xf5477b7f259d0a1e40e1c62f7f769d725dab332c,6000.0,6000.0,1,100.0,True,True,True,"US strikes Iran by February 28, 2026?"
0x7881bd1324486af7b3c43eefe11318f768cef022,17251.006,19198.46647000002,400,89.86,False,True,True,"US strikes Iran by February 28, 2026?"
0x75253f58071564ba95f36258fcfb1e918552cde1,5685.1045,279177.90160099993,342,2.04,False,False,False,"US strikes Iran by February 28, 2026?"
0x3e44cfbf234a9616c5f9edddd6bd6bd068854d4a,7570.4798,7570.4798,3,100.0,True,True,True,"US strikes Iran by February 28, 2026?"
0xbf32f7a77ccea8bba647fea63d438ce1778b1762,9411.13,10312.399368999995,24,91.26,False,True,True,"US strikes Iran by February 28, 2026?"
0x527b46e252981a9269d34dac7c5268053929eb08,7112.376,15890.661221,30,44.76,False,False,False,"US strikes Iran by February 28, 2026?"
0xb5bdb5b1c9a3c5179273f5a7e4582c1d7f747e75,7547.0732,66767.20807000002,432,11.3,False,False,False,"US strikes Iran by February 28, 2026?"
0x25590b0ab51d4c27e1d7eec3a383aeb4296f2032,16205.0,277154.505306,525,5.85,False,False,False,"US strikes Iran by February 28, 2026?"
0x0e00ce71d933fd3ad48928911ef95c7327c8d1ff,21971.7881,24377.301947000018,2232,90.13,False,True,True,"US strikes Iran by February 28, 2026?"
0x3a389bf405be1dc24187f055dd9cde75fce0ca1c,19615.691,19615.691,1,100.0,True,True,True,"US strikes Iran by February 28, 2026?"
0xeec50edede5d961efb02e20bfd3275dd1e7fb6fe,5425.6754,176196.6498760001,731,3.08,False,False,False,"US strikes Iran by February 28, 2026?"
0x4ea67bdde5af4942a2c8f117730064cbe04ab249,9200.0,32588.332687999882,1136,28.23,False,False,False,"US strikes Iran by February 28, 2026?"
0x4ea67bdde5af4942a2c8f117730064cbe04ab249,18433.7093,35794.43768599988,1140,51.5,False,False,False,"US strikes Iran by February 28, 2026?"
0x128744a38772e44b8c08bea93e188182f65fe491,36083.3833,105012.38192600025,718,34.36,False,False,False,"US strikes Iran by February 28, 2026?"
0x8b4bca1d794779e66e023d44391b2a86c5ab541b,77215.8233,619407.1560489988,1275,12.47,False,False,False,"US strikes Iran by February 28, 2026?"
0xe9bf0617ffaf343acbec87e7f0c4088aa176fded,5820.451,19968.568529999986,53,29.15,False,False,False,"US strikes Iran by February 28, 2026?"
0x7881bd1324486af7b3c43eefe11318f768cef022,64518.7265,64518.7265,421,100.0,False,True,True,"US strikes Iran by February 28, 2026?"
0xfcb3e1df8158c63f69aa75208b2be10a7699f8d6,5578.1534,244861.90592699987,589,2.28,False,False,False,"US strikes Iran by February 28, 2026?"
0x3b4484b6c8cbfdaa383ba337ab3f0d71055e264e,51494.16,1834885.026475996,2404,2.81,False,False,False,"US strikes Iran by February 28, 2026?"
0xee67664b7364ad83e8be00942440f7980f3e88df,8131.7856,80473.40782899996,859,10.1,False,False,False,"US strikes Iran by February 28, 2026?"
0xee67664b7364ad83e8be00942440f7980f3e88df,7325.4614,118001.31756100142,876,6.21,False,False,False,"US strikes Iran by February 28, 2026?"
0x3ffe1712d9b5e0d8c176f1ede6b49b9b177ae125,7041.6939,372968.5551869999,1738,1.89,False,False,False,"US strikes Iran by February 28, 2026?"
0x130f2ee045e4c60623c2dda33becc303b2376e99,7188.5614,80200.00997700026,2128,8.96,False,False,False,"US strikes Iran by February 28, 2026?"
0x211d7de4df68abc2ee4367749fb2b7b557ba64fe,51901.5762,71904.36820400014,64,72.18,False,False,False,"US strikes Iran by February 28, 2026?"
0x83d6df1c91111ced5c389a07d9c7368899b5984c,18603.6135,18603.6135,19,100.0,False,True,True,"US strikes Iran by February 28, 2026?"
0x6f79b2a7a3f42b49e95c0969e0850d7a94bea20d,10129.9948,10129.9948,2,100.0,True,True,True,"US strikes Iran by February 28, 2026?"
0x0b9168da5620dfab028b53c753a3be88d585ae77,10710.0073,169365.77854399956,2272,6.32,False,False,False,"US strikes Iran by February 28, 2026?"
0xaff1b207208941ba2ebf61dcdce1a405ac5549ce,5100.0,41509.88975899998,47,12.29,False,False,False,"US strikes Iran by February 28, 2026?"
0x1e0a4f0786c802489d354df0de309d2d3eeaadc5,15933.1724,28357.060952999997,94,56.19,False,False,False,"US strikes Iran by February 28, 2026?"
0xa6f8220dfac596335d6b6719f2a2c7b451cc316d,25613.2892,142890.50815000004,101,17.93,False,False,False,"US strikes Iran by February 28, 2026?"
0x002cbcf60f163879bc683198f954f5a966708c0b,11213.72,20607.415937999984,94,54.42,False,False,False,"US strikes Iran by February 28, 2026?"
0xa3df2a941dfd47005aaa4942e128ac37312b6f87,6113.5456,128913.65917000001,3300,4.74,False,False,False,"US strikes Iran by February 28, 2026?"
0x145a5b44a83164004d2ba0524582870661a95e86,17725.1653,101243.77386900004,321,17.51,False,False,False,"US strikes Iran by February 28, 2026?"
0xdae6349433286ec4034e61c79698447d4f7ce440,6745.1828,6745.1828,30,100.0,False,True,True,"US strikes Iran by February 28, 2026?"
0x2eeb776eda584e32f7850a8681a8f461f223bd84,8608.5464,222056.61049500006,216,3.88,False,False,False,"US strikes Iran by February 28, 2026?"
0x145a5b44a83164004d2ba0524582870661a95e86,18950.2932,106476.62866600008,332,17.8,False,False,False,"US strikes Iran by February 28, 2026?"
0x55bd222f875ccacc59ee822e77060c6e552645e9,13238.5475,14893.818516999996,26,88.89,False,True,True,"US strikes Iran by February 28, 2026?"
0xd01c019cb0f4f54f89089e1a45238f35b1bf28a6,6786.73,6787.7299969999995,2,99.99,True,True,True,"US strikes Iran by February 28, 2026?"
0xa43a6e76945b02f10ebc9cfdd641b6299af494b2,67872.4112,95141.40027500017,38,71.34,False,False,False,"US strikes Iran by February 28, 2026?"
0x1793db5ebc13dfe31f54cbca0e2d943b550b6af7,8573.3216,8573.3216,12,100.0,False,True,True,"US strikes Iran by February 28, 2026?"
0x002cbcf60f163879bc683198f954f5a966708c0b,13486.3068,26566.47793799998,95,50.76,False,False,False,"US strikes Iran by February 28, 2026?"
0xddf449fc36375beb7a887b41b54a29817c662680,14800.0,32273.999978999997,16,45.86,False,False,False,"US strikes Iran by February 28, 2026?"
0x332f6e6b727c5737daf97cb9a032883eda341ee8,33663.444,355362.79753499996,94,9.47,False,False,False,"US strikes Iran by February 28, 2026?"
0xfd1afa5a2a2498157c8c00890785f27d49e376b4,10429.569,842744.1280509993,190,1.24,False,False,False,"US strikes Iran by February 28, 2026?"
0x2a019dc0089ea8c6edbbafc8a7cc9ba77b4b6397,103711.4377,103711.4377,0,100.0,True,True,True,"US strikes Iran by February 28, 2026?"
0x991b8cdcdc18b74eef8db47a9e89ff0f17a4f19a,10779.5903,194100.86834500002,1504,5.55,False,False,False,"US strikes Iran by February 28, 2026?"
0x0e4530e02a589879b5da57b5ba50a711ed555b3f,9381.5869,13234.586897,4,70.89,True,False,True,"US strikes Iran by February 28, 2026?"
0xa7e96eacf8bc94118519bf8ad38e98ac61d94f6c,6294.0,61997.160947999895,1243,10.15,False,False,False,"US strikes Iran by February 28, 2026?"
0x0e6ff34733140ef7a7ec00697782528cd666dfb9,26582.544,370441.72842499986,299,7.18,False,False,False,"US strikes Iran by February 28, 2026?"
0x7addce8a2853d5b9b067b7465a8dbfc4a87ff9f4,13854.6195,251609.32650799918,2485,5.51,False,False,False,"US strikes Iran by February 28, 2026?"
0x45a22737a76fafd5dd101eb0dc6030986eb13c01,9262.0539,9262.0539,8,100.0,True,True,True,"US strikes Iran by February 28, 2026?"
0x15a21b574fc85baec70e43626a8c7f9b3c7c3715,7521.2,15428.933962000008,550,48.75,False,False,False,"US strikes Iran by February 28, 2026?"
0x345543bfa9e93dad82ba26efb1218469186bddcc,7889.9938,81928.03893600008,92,9.63,False,False,False,"US strikes Iran by February 28, 2026?"
0x783b53f025442490cfb4b54793d81572e7d9dc4c,10536.5785,96195.85665,694,10.95,False,False,False,"US strikes Iran by February 28, 2026?"
0x4bbe10ba5b7f6df147c0dae17b46c44a6e562cf3,97526.0004,835376.4275340011,975,11.67,False,False,False,"US strikes Iran by February 28, 2026?"
0x597eb42c1dd2f4cb3704f7c2998848db38e4cd70,9870.0,234232.28642800005,547,4.21,False,False,False,"US strikes Iran by February 28, 2026?"
0xcf6a714618a328c608a1c70cb62a31a6bef3f9d0,8088.3361,72282.78628500005,362,11.19,False,False,False,"US strikes Iran by February 28, 2026?"
0x6391f251cb39c379752b1e081844d202fc5febbb,15228.7751,30976.964892,13,49.16,False,False,False,"US strikes Iran by February 28, 2026?"
0x64db84746e703cc03e24b31d0ff248e36cc189bb,17679.5187,102841.07712200047,240,17.19,False,False,False,"US strikes Iran by February 28, 2026?"
0xe6caba8578c6c2d53cf31f283601888adc92b27a,59267.4493,270624.4691449998,443,21.9,False,False,False,"US strikes Iran by February 28, 2026?"
0xe6caba8578c6c2d53cf31f283601888adc92b27a,58399.1175,270179.4691449998,442,21.61,False,False,False,"US strikes Iran by February 28, 2026?"
0x122cdd9db64fd8dc3ebab813218e3effe21f821f,289233.5068,2837532.0438809968,2198,10.19,False,False,False,"US strikes Iran by February 28, 2026?"
0x2e6778c95038779b43af80f612e339c7b0c7996e,5063.85,7538.113727999999,23,67.18,False,False,False,"US strikes Iran by February 28, 2026?"
0xebc59318b0a070c06fa171bd1d2f485b16364fe7,15378.4272,77404.802436,206,19.87,False,False,False,"US strikes Iran by February 28, 2026?"
0x8d4743d9f27eedaa59c1eb1a2c99d420d20f3d5a,6208.22,10277.848014,10,60.4,True,False,True,"US strikes Iran by February 28, 2026?"
0xfd2b117412a698f322b0cd18d6827dad262b8e50,88537.572,2319681.801930001,3079,3.82,False,False,False,"US strikes Iran by February 28, 2026?"
0x4124b6446a35ab3a23e9737e9f32c038c0278af2,11020.3273,519622.20450600144,1532,2.12,False,False,False,"US strikes Iran by February 28, 2026?"
0x0e00ce71d933fd3ad48928911ef95c7327c8d1ff,97641.6975,97641.6975,2298,100.0,False,True,True,"US strikes Iran by February 28, 2026?"
0xc20c3ccd49e06eda6c336539abc16714872be2bd,43505.4417,1126219.6088940026,3224,3.86,False,False,False,"US strikes Iran by February 28, 2026?"
0xa3d3da79775f534629a920bfd1c6e4f5fb6fd424,10844.6934,381905.50820699916,2885,2.84,False,False,False,"US strikes Iran by February 28, 2026?"
0x33acd201d6b02982b3a95b975b331bc225649334,191999.7114,437040.3270210004,998,43.93,False,False,False,"US strikes Iran by February 28, 2026?"
0x9acc910c6cbb5e1fb5d6599240893af5b9773479,5497.06,5497.06,1,100.0,True,True,True,"US strikes Iran by February 28, 2026?"
0xb9709e58e79e1a2288324f6ff6b70e042607a864,14809.3798,14809.3798,13,100.0,False,True,True,"US strikes Iran by February 28, 2026?"
0x6f01eec19cc6523b741677ed870b0ac04cd7558f,12443.7264,28371.105743999997,58,43.86,False,False,False,"US strikes Iran by February 28, 2026?"
0xb86eabe2ae6e3b886fc164312ee6ab05650943d0,6962.1554,38904.99820599997,626,17.9,False,False,False,"US strikes Iran by February 28, 2026?"
0x7a7d931e02ebd9116139d548ff813511f8f561b5,5349.53,21105.487439,10,25.35,True,False,True,"US strikes Iran by February 28, 2026?"
0x69ea0d77ef34f1acb03aaed901df7620fc4215cd,24279.7901,636772.9023429977,1768,3.81,False,False,False,"US strikes Iran by February 28, 2026?"
0x60c512101ce36016276bc188243f9ce8300b2082,22125.3816,25060.381599,2,88.29,True,True,True,"US strikes Iran by February 28, 2026?"
0xf4baccff188321440a1ed01a5d5fd89c3e1f5933,12139.9736,6923793.2858340265,2578,0.18,False,False,False,"US strikes Iran by February 28, 2026?"
0x939a2b95f7d451622e52efe1bab19d3ca9866f9a,10606.05,172255.263500999,807,6.16,False,False,False,"US strikes Iran by February 28, 2026?"
0xe0dbdb7f005f233f4510e4ef7e53a2f76a8df44e,7934.798,7934.798,0,100.0,True,True,True,"US strikes Iran by February 28, 2026?"
0x17e5540bc696fd3e8b7da9101a93e4835c783d19,90799.6775,90799.6775,1397,100.0,False,True,True,"US strikes Iran by February 28, 2026?"
0xf67f72df65797a85dc9fd44d57adfe5b7b4a31cf,87465.1588,4485107.993247016,2846,1.95,False,False,False,"US strikes Iran by February 28, 2026?"
0xb2d7cebe60e8e667b177993e382ff3b95b81312c,168577.7939,315055.14814799995,100,53.51,False,False,False,"US strikes Iran by February 28, 2026?"
0xa6d9b55a6a3a54a9d50ca94c64f00af69c50fd2f,61791.9933,252363.68332900052,1519,24.49,False,False,False,"US strikes Iran by February 28, 2026?"
0xf7110b526bef73aff3df37140535768c6e059c53,91016.7513,91016.7513,16,100.0,False,True,True,"US strikes Iran by February 28, 2026?"
0xa710f0eae9129df28a52e886902c443364004173,22217.9617,649568.6297039969,3041,3.42,False,False,False,"US strikes Iran by February 28, 2026?"
0x566a678a940dabd8a6b4a9c65d8e55a9a1e50d19,7586.1324,25402.169361999997,14,29.86,False,False,False,"US strikes Iran by February 28, 2026?"
0x3e887528098ca040fa89f832bce604d99987df66,5415.0824,11455.239568000003,48,47.27,False,False,False,"US strikes Iran by February 28, 2026?"
0x89dc43e8877e30b245ca74c6eb19db5d620531fc,12811.1605,14917.1605,2,85.88,True,True,True,"US strikes Iran by February 28, 2026?"
0x34364fe3133807049c9fc4e688e4f0d54f4a4c8d,8045.017,105471.96673700001,221,7.63,False,False,False,"US strikes Iran by February 28, 2026?"
0x94316f968e96c23acb45bfd1796a382adba6015f,63482.0794,93482.07748,18,67.91,False,False,False,"US strikes Iran by February 28, 2026?"
0xa710f0eae9129df28a52e886902c443364004173,22597.2562,656428.6297039973,3042,3.44,False,False,False,"US strikes Iran by February 28, 2026?"
0xe168b5394c715b1714b5093d22c681556d3ee559,5030.1789,15986.549277999986,60,31.47,False,False,False,"US strikes Iran by February 28, 2026?"
0x3eba55f41f4064bc4b070d06a00fec7c2dd5849a,22002.4105,4753590.541630014,1119,0.46,False,False,False,"US strikes Iran by February 28, 2026?"
0x813d2086c453fe0d692ce2a5659da0c0cd2e5157,10075.3938,16270.283828,5,61.93,True,False,True,"US strikes Iran by February 28, 2026?"
0x6f643fc75db783c42479f50fca42c5ab541fa2e0,6589.2096,12377.348765000033,3430,53.24,False,False,False,"US strikes Iran by February 28, 2026?"
0xc07f7e181125e3a023d0f78e78e299490cc77f58,8365.5971,10848.597099,2,77.11,True,False,True,"US strikes Iran by February 28, 2026?"
0xb3e21595c54ed4741af2f5bb108211a798e434d5,7211.2778,8805.787817999999,4,81.89,True,True,True,"US strikes Iran by February 28, 2026?"
0x963137a0ba0b02ebf6f37710023cc1b0303289a1,15424.8273,469025.91597799945,788,3.29,False,False,False,"US strikes Iran by February 28, 2026?"
0x7d0a771ddd2c63255013a1efb5f0e42659b38c6c,201723.5959,2889603.722391991,1851,6.98,False,False,False,"US strikes Iran by February 28, 2026?"
0x515eaf3b4c7d2d8c5b8f9f67d0605e4117f8747c,28169.0,28169.0,1,100.0,True,True,True,"US strikes Iran by February 28, 2026?"
0x0ead7a48afa30eba6413b8d5717569e514019572,9285.8,1980240.7700759955,1278,0.47,False,False,False,"US strikes Iran by February 28, 2026?"
0xf7114ecf04e2dce1bdc5649c0b12bf847b5e72c5,14971.81,442067.7037629991,801,3.39,False,False,False,"US strikes Iran by February 28, 2026?"
0xeaa3efa56ffc77d6a747aa3a545bcebd61dd7a1a,7804.7618,7804.7618,71,100.0,False,True,True,"US strikes Iran by February 28, 2026?"
0x963137a0ba0b02ebf6f37710023cc1b0303289a1,15645.602,490917.32748699957,804,3.19,False,False,False,"US strikes Iran by February 28, 2026?"
0x2dc1b8d4f161766d32d1425a2794d176a17608e1,8837.5309,17619.712341,14,50.16,False,False,False,"US strikes Iran by February 28, 2026?"
0xb63ac06f20eed05d0a34f61116d0580a0afb4064,114974.0034,1306777.7292939995,2252,8.8,False,False,False,"US strikes Iran by February 28, 2026?"
0xddff18c9e86262e62af046d818dda0c3de6f52d6,40742.5254,6022024.654630018,2636,0.68,False,False,False,"US strikes Iran by February 28, 2026?"
0x405d101990061ace64f03847378ee0e07919025e,6533.3268,8825.106798,3,74.03,True,False,True,"US strikes Iran by February 28, 2026?"
0xd263853ed562fd7ff9fccd5ca4b8a354961027d8,18333.968,18333.968,28,100.0,False,True,True,"US strikes Iran by February 28, 2026?"
0x4044798f1d60d92369c86cf5b6f1e497e2818de5,10364.128,317403.1417729998,1153,3.27,False,False,False,"US strikes Iran by February 28, 2026?"
0xa25c6a3a28c922f6fc8322a76d209f943b026430,11119.1841,22236.201224999997,21,50.0,False,False,False,"US strikes Iran by February 28, 2026?"
0xd14d5ca3d234609468efb02995436a19663a916e,6134.9831,11565.40232,20,53.05,False,False,False,"US strikes Iran by February 28, 2026?"
0x9ef7f825827a928bb502106809ae77691160398f,5246.68,81973.61119799993,643,6.4,False,False,False,"US strikes Iran by February 28, 2026?"
0x7a7d931e02ebd9116139d548ff813511f8f561b5,5463.421,26568.908399,11,20.56,False,False,False,"US strikes Iran by February 28, 2026?"
0xc4de5bde5dfc5c02b1b3bc54ac51b461ed6a424c,5246.8515,9807.390577999995,26,53.5,False,False,False,"US strikes Iran by February 28, 2026?"
0xd64e1a97d46f2ba860a56470ac6f47e5bcda5516,39119.9286,88869.40592100006,131,44.02,False,False,False,"US strikes Iran by February 28, 2026?"
0xa837b74846ed5ac47b8fb51b22c3e6f9c87cfd40,9904.5856,13360.045135999999,7,74.14,True,False,True,"US strikes Iran by February 28, 2026?"
0x9ef7f825827a928bb502106809ae77691160398f,5263.4667,86630.44651399995,646,6.08,False,False,False,"US strikes Iran by February 28, 2026?"
0xc6ecd0ecd8e04338c3c98dd364b8155dc596f735,5978.3896,5978.3896,3,100.0,True,True,True,"US strikes Iran by February 28, 2026?"
0xf4539ba8595cf26b372630215a545297f0a02547,10259.5313,19938.71784499999,140,51.46,False,False,False,"US strikes Iran by February 28, 2026?"
0x88ae6c980204d0031ff0fb000b2f0656e7fb809a,18088.4513,49744.29091599998,24,36.36,False,False,False,"US strikes Iran by February 28, 2026?"
0x43886f07460ab4fd9a54b569e8aedc0df47be9a1,6033.809,7441.752712999998,18,81.08,False,True,True,"US strikes Iran by February 28, 2026?"
0x5000582df804532b6355a3c09e144b4f2ac566e1,14139.1147,21387.028159999998,33,66.11,False,False,False,"US strikes Iran by February 28, 2026?"
0x55dbfaefb030207f98ee6cccf1663986a8fc2031,51451.2643,63513.264255999995,13,81.01,False,True,True,"US strikes Iran by February 28, 2026?"
0x2d4e90768c7ae9661acca6b16e605eba3e70edb0,20527.5788,120293.41896200052,555,17.06,False,False,False,"US strikes Iran by February 28, 2026?"
0xf8fcd4d827a3c88d99b35416903888bc62eeae82,10000.0,197309.0966549999,379,5.07,False,False,False,"US strikes Iran by February 28, 2026?"
0xb03b826a4fc9893b35d3ddf4f11be824525b6ca1,12374.737,739515.3094039997,1465,1.67,False,False,False,"US strikes Iran by February 28, 2026?"
0xb03b826a4fc9893b35d3ddf4f11be824525b6ca1,29544.0414,707776.0354639995,1463,4.17,False,False,False,"US strikes Iran by February 28, 2026?"
0x8d4743d9f27eedaa59c1eb1a2c99d420d20f3d5a,6456.5405,16734.388493999995,11,38.58,False,False,False,"US strikes Iran by February 28, 2026?"
0x28b340ecf1a193607e177312849bfc2f79a730c8,66486.5913,66958.566788,53,99.3,False,True,True,"US strikes Iran by February 28, 2026?"
0x28b340ecf1a193607e177312849bfc2f79a730c8,66521.8665,81917.81741300001,61,81.21,False,True,True,"US strikes Iran by February 28, 2026?"
0x345543bfa9e93dad82ba26efb1218469186bddcc,8613.8677,103187.4664190001,109,8.35,False,False,False,"US strikes Iran by February 28, 2026?"
0xe0097b7ed95ff1b4cb4c34fbbc5558f9217fecf8,13024.1295,26843.467656,8,48.52,True,False,True,"US strikes Iran by February 28, 2026?"
0xd3acfbf173452e1a73f976b2fd543d203e11c991,66327.2088,872892.4148879981,1861,7.6,False,False,False,"US strikes Iran by February 28, 2026?"
0xd3acfbf173452e1a73f976b2fd543d203e11c991,66207.0081,869955.6043219983,1855,7.61,False,False,False,"US strikes Iran by February 28, 2026?"
0xc757850237e266d3b08d16b8455777a88590ccfc,22391.2377,3474668.6346450015,1366,0.64,False,False,False,"US strikes Iran by February 28, 2026?"
0x4e25605fd905e9972efc0f4d8814530c655cd7a7,6845.83,139180.91230299996,138,4.92,False,False,False,"US strikes Iran by February 28, 2026?"
0x000d257d2dc7616feaef4ae0f14600fdf50a758e,23663.921,5305054.054804004,2128,0.45,False,False,False,"US strikes Iran by February 28, 2026?"
0x728ecb4fc3dff511f1d9831d7aa2eea5defe713b,5318.7911,10057.575048000004,32,52.88,False,False,False,"US strikes Iran by February 28, 2026?"
0x00090e8b4fa8f88dc9c1740e460dd0f670021d43,12236.9934,1597044.0608539993,2817,0.77,False,False,False,"US strikes Iran by February 28, 2026?"
0x07e129963fa72466d47a0a561cd27bf398109010,9290.7,158657.5829090001,368,5.86,False,False,False,"US strikes Iran by February 28, 2026?"
0x343fdd2bf9272bd12cffbfe510f3969f57e36df2,13972.0,127513.05760099996,734,10.96,False,False,False,"US strikes Iran by February 28, 2026?"
0x8250e5832a8c4659005114cc048c2c12d8f5743f,5720.81,11721.611556,8,48.81,True,False,True,"US strikes Iran by February 28, 2026?"
0x701187150980c2421bc3c87a74dbdef31d75c6da,64748.6308,1808305.5718259998,2557,3.58,False,False,False,"US strikes Iran by February 28, 2026?"
0x95aa15d893414b9afc20f499151596b846637139,7270.3701,272716.2736969999,648,2.67,False,False,False,"US strikes Iran by February 28, 2026?"
0xe0097b7ed95ff1b4cb4c34fbbc5558f9217fecf8,13024.1267,29169.166935999998,9,44.65,True,False,True,"US strikes Iran by February 28, 2026?"
0x433309359f46f80da4cc494979996d6468491f57,68454.0154,171310.74273200004,3133,39.96,False,False,False,"US strikes Iran by February 28, 2026?"
0x5fa03d397355aac67c263e7219cf435e129dc20f,30000.0148,572341.2486730029,828,5.24,False,False,False,"US strikes Iran by February 28, 2026?"
0x2d5aab24848feda5bfde3f44faecb2a895293507,11137.9994,16033.539755999998,6,69.47,True,False,True,"US strikes Iran by February 28, 2026?"
0xd64e1a97d46f2ba860a56470ac6f47e5bcda5516,39919.9202,235813.14442999987,186,16.93,False,False,False,"US strikes Iran by February 28, 2026?"
0xc6587b11a2209e46dfe3928b31c5514a8e33b784,32126.2858,7828912.506812106,2412,0.41,False,False,False,"US strikes Iran by February 28, 2026?"
0xf7114ecf04e2dce1bdc5649c0b12bf847b5e72c5,15609.8876,442079.9437589991,803,3.53,False,False,False,"US strikes Iran by February 28, 2026?"
0x701187150980c2421bc3c87a74dbdef31d75c6da,64813.0633,1877082.130942999,2589,3.45,False,False,False,"US strikes Iran by February 28, 2026?"
0x07e129963fa72466d47a0a561cd27bf398109010,9290.7,167948.2829090001,369,5.53,False,False,False,"US strikes Iran by February 28, 2026?"
0xc6587b11a2209e46dfe3928b31c5514a8e33b784,32385.8302,7861616.998172105,2415,0.41,False,False,False,"US strikes Iran by February 28, 2026?"
0xeeb8c48abc6185c22db94d8706b2ab8748cfcab5,248487.8087,1836275.8037269998,131,13.53,False,False,False,"US strikes Iran by February 28, 2026?"
0x5fa03d397355aac67c263e7219cf435e129dc20f,30015.04,656536.501984001,901,4.57,False,False,False,"US strikes Iran by February 28, 2026?"
0x539d01b1c4d860570a3ea35aaf87168a1f351e69,10497.2335,129892.42009500004,52,8.08,False,False,False,"US strikes Iran by February 28, 2026?"
0x49ef5a683cf716423e17fde674d99e356ab5fcf5,5139.1511,12810.677451999996,12,40.12,False,False,False,"US strikes Iran by February 28, 2026?"
0x469b05a6ba273ccdcbad3fa29dee8fc529c57e0e,5252.6237,15862.661383999995,19,33.11,False,False,False,"US strikes Iran by February 28, 2026?"
0x1abe1368601330a310162064e04d3c2628cb6497,203839.6238,567126.6097519973,983,35.94,False,False,False,"US strikes Iran by February 28, 2026?"
0x9e8077593bf0a6fd63f988dcf589f7558897f694,21953.0,187098.72591099996,749,11.73,False,False,False,"US strikes Iran by February 28, 2026?"
0x6b61570c8576e74eb170d5fd6db0cacd63c2532e,20923.5955,24915.59546,2,83.98,True,True,True,"US strikes Iran by February 28, 2026?"
0xd01c019cb0f4f54f89089e1a45238f35b1bf28a6,7457.4752,14245.205157,3,52.35,True,False,True,"US strikes Iran by February 28, 2026?"
0xdae6349433286ec4034e61c79698447d4f7ce440,10518.3811,18858.728402999997,73,55.77,False,False,False,"US strikes Iran by February 28, 2026?"
0xcf6c5492124794394dd9eac46498a8babbe47e66,29940.0,227234.85499499986,402,13.18,False,False,False,"US strikes Iran by February 28, 2026?"
0x8750163b355eb4dee5e1a57d595cf840d854e96b,69377.2075,6915298.016121998,958,1.0,False,False,False,"US strikes Iran by February 28, 2026?"
0x6614efd7a01ab3dc3b9b4697846f6b33878186a4,23002.2347,422349.8030759997,377,5.45,False,False,False,"US strikes Iran by February 28, 2026?"
0x7d2299a379eb0b1c6077c7c419a383da6fb7f0cf,126891.6385,3521480.4947160035,2112,3.6,False,False,False,"US strikes Iran by February 28, 2026?"
0xfe240aa6f08533c1aa8cfb39839cf6cce19fff73,6653.3267,8453.326678,3,78.71,True,False,True,"US strikes Iran by February 28, 2026?"
0xadc2efbf97ce7b25f7a638aabdba196c657cd1c9,801333.9835,1727821.117345999,397,46.38,False,False,False,"US strikes Iran by February 28, 2026?"
0xc6ecd0ecd8e04338c3c98dd364b8155dc596f735,5993.5704,14046.915249999998,5,42.67,True,False,True,"US strikes Iran by February 28, 2026?"
0xeb7456f7f5429912a6135caae264cc2d368efad6,26469.534,1308992.6006359982,945,2.02,False,False,False,"US strikes Iran by February 28, 2026?"
0xa7e96eacf8bc94118519bf8ad38e98ac61d94f6c,6780.3728,71444.5631769999,1247,9.49,False,False,False,"US strikes Iran by February 28, 2026?"
0x433309359f46f80da4cc494979996d6468491f57,66881.5815,236052.80949899994,3144,28.33,False,False,False,"US strikes Iran by February 28, 2026?"
0x9e8077593bf0a6fd63f988dcf589f7558897f694,21978.0,260150.87746600012,812,8.45,False,False,False,"US strikes Iran by February 28, 2026?"
0x4bbe10ba5b7f6df147c0dae17b46c44a6e562cf3,94194.821,1093352.6092789976,1181,8.62,False,False,False,"US strikes Iran by February 28, 2026?"
0x9b077c7d8dd35ec81c5a455dbc8c5bf0292f782b,10635.0343,406281.87423899944,921,2.62,False,False,False,"US strikes Iran by February 28, 2026?"
0x99dd407b80e45874638d783f54b0d8c097544303,19980.0,2379605.6564099975,1382,0.84,False,False,False,"US strikes Iran by February 28, 2026?"
0x7addce8a2853d5b9b067b7465a8dbfc4a87ff9f4,22875.4774,289781.4813959988,2525,7.89,False,False,False,"US strikes Iran by February 28, 2026?"
0x0f37cb80dee49d55b5f6d9e595d52591d6371410,18981.0,1381845.7072030003,2496,1.37,False,False,False,"US strikes Iran by February 28, 2026?"
